Draw No,Draw Date,Winning No,Additional No
4140,18/12/2025,"2,14,15,30,31,43",27
4139,15/12/2025,"17,21,22,35,37,42",9
4138,11/12/2025,"6,11,20,28,33,43",16
4137,8/12/2025,"9,12,15,23,27,47",45
4136,4/12/2025,"1,5,24,36,41,46",39
4135,1/12/2025,"2,10,24,35,45,49",37
4134,27/11/2025,"6,8,17,28,32,46",16
4133,24/11/2025,"8,25,27,34,45,47",19
4132,20/11/2025,"11,13,22,31,47,49",39
4131,17/11/2025,"3,9,12,18,19,34",24
4130,13/11/2025,"6,13,18,22,34,35",40
4129,10/11/2025,"2,11,12,19,25,36",16
4128,6/11/2025,"3,20,24,29,32,44",46
4127,3/11/2025,"10,19,22,34,39,43",35
4126,30/10/2025,"1,5,31,34,38,45",21
4125,27/10/2025,"4,12,14,24,36,38",17
4124,23/10/2025,"7,14,17,18,31,38",46
4123,20/10/2025,"3,10,13,15,32,37",8
4122,16/10/2025,"2,4,8,19,35,39",7
4121,13/10/2025,"5,31,33,34,38,46",39
4120,9/10/2025,"13,14,19,22,31,42",41
4119,6/10/2025,"10,15,22,31,42,48",4
4118,2/10/2025,"19,22,26,37,40,46",14
4117,29/9/2025,"15,16,22,34,35,43",26
4116,25/9/2025,"1,6,9,11,29,36",12
4115,22/9/2025,"8,15,22,24,43,47",44
4114,18/9/2025,"6,8,9,20,45,49",21
4113,15/9/2025,"10,19,25,29,33,37",24
4112,11/9/2025,"2,15,19,35,41,48",33
4111,8/9/2025,"1,3,33,38,39,42",31
4110,4/9/2025,"8,12,21,38,40,43",25
4109,1/9/2025,"3,4,8,13,14,17",20
4108,28/8/2025,"10,11,16,24,34,35",1
4107,25/8/2025,"2,3,4,16,22,39",48
4106,21/8/2025,"4,13,22,36,38,46",12
4105,18/8/2025,"1,4,18,24,37,42",26
4104,14/8/2025,"22,25,29,31,34,43",11
4103,11/8/2025,"9,24,31,34,43,44",1
4102,8/8/2025,"2,15,28,39,42,44",5
4101,4/8/2025,"30,32,40,43,45,49",5
4100,31/7/2025,"7,19,20,21,22,29",37
4099,28/7/2025,"2,14,16,21,36,47",1
4098,24/7/2025,"9,11,24,32,39,49",26
4097,21/7/2025,"2,5,10,12,14,37",17
4096,17/7/2025,"7,8,17,29,32,42",1
4095,14/7/2025,"2,8,19,29,38,41",20
4094,10/7/2025,"12,21,26,27,35,44",10
4093,7/7/2025,"10,15,17,33,36,45",34
4092,3/7/2025,"6,15,16,17,25,34",31
4091,30/6/2025,"11,27,31,33,34,36",13
4090,26/6/2025,"10,26,28,35,37,46",20
4089,23/6/2025,"2,15,29,37,45,49",24
4088,19/6/2025,"1,10,37,40,45,47",19
4087,16/6/2025,"5,18,27,32,48,49",21
4086,12/6/2025,"3,7,38,41,44,49",20
4085,9/6/2025,"7,10,11,21,32,48",27
4084,5/6/2025,"2,5,25,26,29,30",42
4083,2/6/2025,"10,19,21,22,28,31",34
4082,29/5/2025,"1,5,7,11,19,47",44
4081,26/5/2025,"5,9,15,28,46,48",8
4080,22/5/2025,"3,10,32,34,44,48",29
4079,19/5/2025,"2,15,17,18,39,45",26
4078,15/5/2025,"9,16,17,20,34,38",18
4077,12/5/2025,"6,16,20,23,40,48",45
4076,8/5/2025,"9,13,17,39,46,47",22
4075,5/5/2025,"5,8,28,38,40,43",39
4074,1/5/2025,"2,8,12,30,35,49",38
4073,28/4/2025,"3,8,12,18,24,41",11
4072,24/4/2025,"17,19,21,23,30,40",33
4071,21/4/2025,"1,17,30,37,41,43",32
4070,17/4/2025,"15,17,26,31,40,46",19
4069,14/4/2025,"6,14,29,30,35,42",25
4068,10/4/2025,"14,26,27,30,46,48",10
4067,7/4/2025,"7,19,35,40,43,47",33
4066,3/4/2025,"12,14,15,16,21,40",23
4065,31/3/2025,"9,12,17,23,29,46",20
4064,27/3/2025,"21,22,27,35,40,42",3
4063,24/3/2025,"18,19,25,28,31,44",34
4062,20/3/2025,"9,10,11,13,23,42",20
4061,17/3/2025,"7,30,39,42,43,48",33
4060,13/3/2025,"16,26,34,36,42,49",41
4059,10/3/2025,"5,7,32,38,42,47",27
4058,6/3/2025,"19,33,35,38,46,49",39
4057,3/3/2025,"4,16,24,25,43,49",46
4056,27/2/2025,"2,10,13,15,37,40",28
4055,24/2/2025,"24,37,38,42,48,49",31
4054,20/2/2025,"3,25,31,37,39,42",21
4053,17/2/2025,"1,16,23,39,41,42",9
4052,13/2/2025,"5,8,13,28,30,49",17
4051,10/2/2025,"1,3,7,18,34,39",46
4050,7/2/2025,"16,18,22,23,28,35",32
4049,3/2/2025,"1,12,29,31,41,48",25
4048,30/1/2025,"2,9,13,24,26,43",49
4047,27/1/2025,"7,16,22,26,33,43",44
4046,24/1/2025,"9,10,18,35,43,49",42
4045,20/1/2025,"3,5,6,16,32,49",4
4044,16/1/2025,"6,13,18,27,35,46",48
4043,13/1/2025,"3,7,11,13,34,35",17
4042,9/1/2025,"13,32,34,36,38,40",37
4041,6/1/2025,"6,10,13,27,41,49",4
4040,3/1/2025,"9,11,24,29,39,46",31
4039,30/12/2024,"3,10,13,29,32,46",18
4038,26/12/2024,"8,21,30,35,44,49",39
4037,23/12/2024,"34,40,42,44,45,46",19
4036,19/12/2024,"3,9,10,20,23,32",42
4035,16/12/2024,"13,19,22,26,40,49",45
4034,12/12/2024,"17,18,19,31,32,33",8
4033,9/12/2024,"1,4,8,10,16,46",23
4032,5/12/2024,"8,14,15,20,31,49",13
4031,2/12/2024,"10,11,12,21,41,49",44
4030,28/11/2024,"1,2,4,15,18,24",35
4029,25/11/2024,"26,28,31,38,41,42",23
4028,21/11/2024,"4,7,11,14,21,28",36
4027,18/11/2024,"1,2,14,36,44,46",20
4026,14/11/2024,"12,16,29,36,39,40",37
4025,11/11/2024,"13,28,39,43,46,48",30
4024,7/11/2024,"4,12,17,18,23,34",28
4023,4/11/2024,"14,18,25,28,29,44",36
4022,31/10/2024,"2,6,10,17,18,49",35
4021,28/10/2024,"10,16,33,37,45,47",6
4020,24/10/2024,"20,24,28,37,46,47",36
4019,21/10/2024,"4,13,19,44,46,49",31
4018,17/10/2024,"2,4,10,25,36,38",22
4017,14/10/2024,"12,33,39,42,43,48",10
4016,10/10/2024,"1,17,24,25,27,39",30
4015,7/10/2024,"16,22,23,31,41,49",8
4014,3/10/2024,"2,9,15,17,40,48",28
4013,30/9/2024,"4,33,34,38,40,43",15
4012,26/9/2024,"17,23,26,31,38,40",14
4011,23/9/2024,"9,20,22,32,37,47",1
4010,19/9/2024,"7,13,17,22,31,37",1
4009,16/9/2024,"2,8,15,19,33,38",21
4008,12/9/2024,"5,6,14,36,45,49",12
4007,9/9/2024,"1,4,10,16,18,29",6
4006,5/9/2024,"1,13,27,38,40,43",2
4005,2/9/2024,"6,7,13,30,37,39",16
4004,29/8/2024,"3,9,10,12,27,41",29
4003,26/8/2024,"6,8,18,34,35,37",33
4002,22/8/2024,"2,5,8,43,45,48",41
4001,19/8/2024,"2,3,16,26,29,41",12
4000,15/8/2024,"15,24,35,36,42,46",48
3999,12/8/2024,"2,8,27,33,34,43",11
3998,8/8/2024,"23,26,32,36,41,49",31
3997,5/8/2024,"1,12,15,30,42,43",22
3996,2/8/2024,"14,16,22,23,36,42",21
3995,29/7/2024,"19,24,29,30,31,46",28
3994,25/7/2024,"14,21,34,35,43,49",33
3993,22/7/2024,"4,9,12,15,37,47",44
3992,18/7/2024,"8,10,11,12,14,20",38
3991,15/7/2024,"4,6,17,32,37,41",10
3990,11/7/2024,"15,17,22,32,34,40",6
3989,8/7/2024,"15,18,29,34,38,44",35
3988,4/7/2024,"4,9,12,15,31,44",33
3987,1/7/2024,"11,19,21,26,28,33",39
3986,27/6/2024,"1,8,11,14,17,30",5
3985,24/6/2024,"20,23,28,30,34,49",25
3984,20/6/2024,"3,12,14,16,17,30",27
3983,17/6/2024,"8,10,12,16,17,30",19
3982,13/6/2024,"4,7,10,17,30,41",21
3981,10/6/2024,"1,10,13,23,31,34",43
3980,6/6/2024,"4,5,10,14,35,43",12
3979,3/6/2024,"1,28,30,32,33,39",11
3978,30/5/2024,"6,9,11,17,28,45",21
3977,27/5/2024,"14,23,28,34,41,48",17
3976,23/5/2024,"3,4,22,27,39,43",6
3975,20/5/2024,"7,10,32,33,39,48",37
3974,16/5/2024,"2,12,15,28,35,48",24
3973,13/5/2024,"2,16,17,22,24,49",42
3972,9/5/2024,"9,15,20,26,43,49",36
3971,6/5/2024,"1,5,9,31,33,37",36
3970,2/5/2024,"4,5,31,37,43,46",7
3969,29/4/2024,"2,7,12,31,36,45",30
3968,25/4/2024,"5,9,11,18,28,36",35
3967,22/4/2024,"6,8,11,16,33,37",23
3966,18/4/2024,"18,22,29,32,37,47",49
3965,15/4/2024,"5,10,28,36,41,42",19
3964,11/4/2024,"22,28,33,40,43,47",16
3963,8/4/2024,"12,23,24,34,43,46",42
3962,4/4/2024,"3,4,13,31,36,43",19
3961,1/4/2024,"3,12,18,19,27,41",15
3960,28/3/2024,"6,8,13,17,26,37",18
3959,25/3/2024,"4,23,25,27,28,32",21
3958,21/3/2024,"6,8,18,19,33,44",15
3957,18/3/2024,"1,4,6,15,30,48",45
3956,14/3/2024,"8,26,34,35,45,46",36
3955,11/3/2024,"5,9,30,37,40,49",33
3954,7/3/2024,"5,11,15,20,31,47",44
3953,4/3/2024,"13,17,25,27,28,44",3
3952,29/2/2024,"1,14,28,44,45,49",16
3951,26/2/2024,"2,8,14,27,39,42",10
3950,23/2/2024,"18,21,26,35,38,43",40
3949,19/2/2024,"1,10,21,29,35,42",27
3948,15/2/2024,"15,18,22,35,41,48",5
3947,12/2/2024,"9,16,20,25,31,39",41
3946,8/2/2024,"6,16,21,27,31,37",49
3945,5/2/2024,"14,17,20,25,28,37",13
3944,2/2/2024,"2,27,29,36,44,48",12
3943,29/1/2024,"20,22,24,28,40,49",27
3942,25/1/2024,"10,18,44,45,48,49",20
3941,22/1/2024,"1,3,8,13,40,48",6
3940,18/1/2024,"5,28,30,37,38,41",43
3939,15/1/2024,"24,25,26,28,30,35",4
3938,11/1/2024,"2,9,10,43,45,46",13
3937,8/1/2024,"11,20,28,30,36,38",37
3936,5/1/2024,"7,12,17,20,31,35",22
3935,1/1/2024,"8,16,23,24,36,48",5
3934,28/12/2023,"13,17,18,24,37,41",15
3933,25/12/2023,"11,12,19,23,25,41",47
3932,21/12/2023,"7,8,24,25,29,40",18
3931,18/12/2023,"12,15,16,23,24,38",44
3930,14/12/2023,"22,32,34,39,40,42",5
3929,11/12/2023,"9,12,21,22,44,47",31
3928,7/12/2023,"10,16,25,29,42,44",48
3927,4/12/2023,"6,18,26,31,37,38",22
3926,30/11/2023,"3,32,34,38,41,42",17
3925,27/11/2023,"16,19,20,26,33,40",23
3924,23/11/2023,"2,24,30,37,43,45",35
3923,20/11/2023,"12,13,18,22,25,28",47
3922,16/11/2023,"10,13,15,28,29,37",22
3921,13/11/2023,"6,10,16,24,27,43",31
3920,9/11/2023,"2,3,11,17,35,40",45
3919,6/11/2023,"11,20,22,28,32,37",4
3918,2/11/2023,"3,12,22,29,35,42",49
3917,30/10/2023,"12,24,26,32,34,38",28
3916,26/10/2023,"1,6,17,19,34,45",48
3915,23/10/2023,"2,3,13,15,34,37",8
3914,19/10/2023,"1,7,16,20,35,41",6
3913,16/10/2023,"21,27,30,38,40,44",6
3912,12/10/2023,"14,15,26,35,44,46",43
3911,9/10/2023,"1,5,9,25,44,49",43
3910,5/10/2023,"4,7,9,38,41,42",16
3909,2/10/2023,"2,10,12,13,45,48",11
3908,28/9/2023,"3,13,23,28,37,38",9
3907,25/9/2023,"3,14,19,23,28,43",25
3906,21/9/2023,"2,8,28,31,48,49",37
3905,18/9/2023,"4,7,27,32,37,49",44
3904,14/9/2023,"14,18,24,26,37,45",28
3903,11/9/2023,"1,20,21,27,38,48",17
3902,7/9/2023,"17,19,24,26,31,46",37
3901,4/9/2023,"1,4,12,33,45,48",35
3900,31/8/2023,"14,29,31,39,40,48",47
3899,28/8/2023,"1,3,7,12,15,32",34
3898,24/8/2023,"1,13,26,34,37,41",9
3897,21/8/2023,"1,18,21,28,31,41",11
3896,17/8/2023,"4,8,32,33,45,47",12
3895,14/8/2023,"5,22,31,32,41,49",14
3894,10/8/2023,"3,6,16,29,37,45",12
3893,7/8/2023,"5,15,18,31,41,49",16
3892,4/8/2023,"19,25,27,28,29,48",34
3891,31/7/2023,"2,23,29,35,39,45",6
3890,27/7/2023,"8,10,21,27,34,36",2
3889,24/7/2023,"1,5,18,20,38,44",45
3888,20/7/2023,"10,20,26,39,44,46",3
3887,17/7/2023,"18,25,27,32,35,39",48
3886,13/7/2023,"4,12,14,20,21,22",10
3885,10/7/2023,"2,8,30,33,39,41",24
3884,6/7/2023,"13,16,28,34,38,40",47
3883,3/7/2023,"14,30,34,40,45,49",12
3882,29/6/2023,"5,15,16,30,37,46",49
3881,26/6/2023,"4,5,17,28,39,44",31
3880,22/6/2023,"3,9,28,32,37,46",7
3879,19/6/2023,"2,25,28,30,32,46",48
3878,15/6/2023,"6,15,17,42,46,49",20
3877,12/6/2023,"2,22,28,33,34,36",7
3876,8/6/2023,"6,21,31,32,35,48",19
3875,5/6/2023,"5,16,26,28,32,34",24
3874,1/6/2023,"7,15,33,40,45,49",5
3873,29/5/2023,"5,13,30,34,36,48",20
3872,25/5/2023,"4,15,17,35,42,48",45
3871,22/5/2023,"1,4,7,8,34,44",12
3870,18/5/2023,"7,13,18,19,25,29",36
3869,15/5/2023,"7,33,36,40,41,42",30
3868,11/5/2023,"1,11,26,38,41,44",6
3867,8/5/2023,"1,3,6,11,23,34",39
3866,4/5/2023,"16,21,25,28,37,44",24
3865,1/5/2023,"22,26,29,30,48,49",46
3864,27/4/2023,"4,9,30,32,40,49",16
3863,24/4/2023,"5,6,25,32,36,49",21
3862,20/4/2023,"11,14,21,30,37,40",20
3861,17/4/2023,"9,11,17,22,31,43",34
3860,13/4/2023,"11,21,30,31,33,38",24
3859,10/4/2023,"8,10,12,25,32,38",20
3858,6/4/2023,"6,7,31,42,46,47",27
3857,3/4/2023,"13,27,28,42,44,45",1
3856,30/3/2023,"12,26,34,39,41,49",16
3855,27/3/2023,"1,4,17,28,43,45",29
3854,23/3/2023,"14,21,26,29,37,40",7
3853,20/3/2023,"7,8,15,27,34,38",37
3852,16/3/2023,"4,14,30,33,37,42",22
3851,13/3/2023,"1,3,15,18,23,48",41
3850,9/3/2023,"1,10,30,31,38,45",11
3849,6/3/2023,"21,30,35,36,37,45",1
3848,2/3/2023,"15,22,24,26,29,36",28
3847,27/2/2023,"6,26,32,39,44,48",11
3846,23/2/2023,"2,5,19,24,34,44",37
3845,20/2/2023,"4,9,21,22,25,41",18
3844,16/2/2023,"3,10,16,24,42,46",25
3843,13/2/2023,"5,12,23,28,31,39",37
3842,9/2/2023,"18,20,27,37,43,47",10
3841,6/2/2023,"6,10,15,19,20,30",5
3840,3/2/2023,"4,6,21,25,34,40",48
3839,30/1/2023,"13,23,25,26,44,45",38
3838,26/1/2023,"2,21,34,40,43,45",13
3837,23/1/2023,"22,30,31,39,43,49",3
3836,20/1/2023,"15,29,35,47,48,49",10
3835,16/1/2023,"15,22,23,36,40,42",20
3834,12/1/2023,"2,6,8,28,31,37",48
3833,9/1/2023,"1,3,13,15,22,43",46
3832,6/1/2023,"12,22,30,32,42,49",8
3831,2/1/2023,"1,13,15,32,41,47",11
3830,29/12/2022,"12,18,25,28,30,36",48
3829,26/12/2022,"3,10,31,32,44,47",41
3828,22/12/2022,"4,11,13,16,32,46",9
3827,19/12/2022,"8,14,24,26,45,46",42
3826,15/12/2022,"4,12,17,19,24,44",20
3825,12/12/2022,"3,7,22,27,44,49",13
3824,8/12/2022,"1,6,21,35,37,46",33
3823,5/12/2022,"5,6,7,25,28,35",8
3822,1/12/2022,"3,12,20,39,40,47",18
3821,28/11/2022,"7,16,17,28,37,48",14
3820,24/11/2022,"3,8,11,21,24,31",25
3819,21/11/2022,"3,9,21,30,36,46",2
3818,17/11/2022,"1,10,16,23,38,49",25
3817,14/11/2022,"8,15,22,26,34,45",32
3816,10/11/2022,"10,23,28,35,39,46",6
3815,7/11/2022,"10,14,33,37,39,45",28
3814,3/11/2022,"13,21,24,25,26,41",11
3813,31/10/2022,"4,14,17,25,29,49",36
3812,27/10/2022,"13,16,25,41,45,46",20
3811,24/10/2022,"7,11,17,21,41,43",30
3810,20/10/2022,"2,9,19,27,33,37",21
3809,17/10/2022,"1,8,16,24,38,43",15
3808,13/10/2022,"2,4,8,17,22,40",6
3807,10/10/2022,"8,10,18,26,42,47",49
3806,6/10/2022,"10,19,20,22,26,46",4
3805,3/10/2022,"7,16,20,29,33,42",39
3804,29/9/2022,"27,29,31,44,46,49",42
3803,26/9/2022,"6,19,24,34,43,46",21
3802,22/9/2022,"3,11,19,26,43,49",37
3801,19/9/2022,"1,5,14,23,40,45",16
3800,15/9/2022,"13,15,27,29,38,45",40
3799,12/9/2022,"8,15,21,22,39,43",44
3798,8/9/2022,"1,8,11,12,22,46",35
3797,5/9/2022,"4,9,13,18,34,47",3
3796,1/9/2022,"1,18,28,42,43,48",45
3795,29/8/2022,"4,8,9,15,22,31",13
3794,25/8/2022,"3,5,13,23,24,48",10
3793,22/8/2022,"5,20,23,36,42,44",47
3792,18/8/2022,"2,4,12,18,28,43",38
3791,15/8/2022,"7,22,29,34,38,41",35
3790,11/8/2022,"10,12,16,18,32,44",22
3789,8/8/2022,"2,9,33,34,37,49",29
3788,5/8/2022,"14,18,24,37,43,45",8
3787,1/8/2022,"3,10,12,29,45,47",26
3786,28/7/2022,"1,2,25,33,36,40",7
3785,25/7/2022,"2,6,29,30,31,44",40
3784,21/7/2022,"4,15,31,42,43,47",39
3783,18/7/2022,"3,20,36,41,43,47",9
3782,14/7/2022,"8,10,15,36,39,44",9
3781,11/7/2022,"1,6,13,25,34,43",42
3780,7/7/2022,"16,17,20,33,39,49",7
3779,4/7/2022,"2,3,9,27,28,38",15
3778,30/6/2022,"2,15,17,27,41,48",38
3777,27/6/2022,"21,24,27,32,34,38",41
3776,23/6/2022,"24,27,32,38,46,49",11
3775,20/6/2022,"20,25,28,33,40,49",1
3774,16/6/2022,"2,7,16,18,24,45",36
3773,13/6/2022,"3,5,12,16,30,45",49
3772,9/6/2022,"7,14,15,16,17,38",44
3771,6/6/2022,"12,28,29,34,41,47",16
3770,2/6/2022,"12,19,26,28,46,49",41
3769,30/5/2022,"8,13,19,34,37,47",29
3768,26/5/2022,"6,11,30,34,43,45",2
3767,23/5/2022,"7,10,16,21,27,35",22
3766,19/5/2022,"5,8,13,20,21,46",31
3765,16/5/2022,"21,22,40,41,42,46",9
3764,12/5/2022,"15,20,36,38,41,46",10
3763,9/5/2022,"5,12,15,21,30,39",6
3762,5/5/2022,"7,13,35,39,41,45",1
3761,2/5/2022,"12,14,23,32,35,38",13
3760,28/4/2022,"5,6,11,16,22,37",44
3759,25/4/2022,"6,16,26,32,39,47",23
3758,21/4/2022,"13,16,19,32,38,43",20
3757,18/4/2022,"12,20,33,39,42,48",49
3756,14/4/2022,"4,6,23,26,29,30",36
3755,11/4/2022,"2,12,18,27,36,49",6
3754,7/4/2022,"1,7,10,28,31,44",9
3753,4/4/2022,"14,15,28,31,40,42",44
3752,31/3/2022,"1,4,10,22,24,45",47
3751,28/3/2022,"5,9,10,12,39,44",14
3750,24/3/2022,"3,12,15,22,34,45",2
3749,21/3/2022,"1,20,22,23,24,31",2
3748,17/3/2022,"5,7,30,42,47,49",17
3747,14/3/2022,"19,37,38,45,47,49",25
3746,10/3/2022,"1,8,25,32,45,46",44
3745,7/3/2022,"19,22,24,28,29,42",40
3744,3/3/2022,"8,13,24,30,40,44",45
3743,28/2/2022,"1,9,20,27,37,49",33
3742,2/24/2022,"4,11,15,25,41,48",14
3741,2/21/2022,"1,19,22,27,37,44",25
3740,2/17/2022,"1,4,19,35,37,45",49
3739,2/14/2022,"10,23,29,33,37,43",8
3738,2/11/2022,"9,13,14,16,18,28",10
3737,2/7/2022,"1,11,17,28,32,35",44
3736,2/3/2022,"15,28,31,32,44,49",18
3735,1/31/2022,"5,6,10,22,23,40",38
3734,1/27/2022,"7,21,27,30,32,34",39
3733,1/24/2022,"1,8,10,31,32,38",39
3732,1/21/2022,"2,4,11,13,28,38",49
3731,1/17/2022,"4,13,26,31,33,35",29
3730,1/13/2022,"3,6,18,20,26,35",34
3729,1/10/2022,"8,11,17,21,30,44",48
3728,1/7/2022,"3,8,11,20,44,49",32
3727,1/3/2022,"6,12,20,33,46,47",49
3726,12/30/2021,"4,7,12,13,21,35",29
3725,12/27/2021,"3,9,13,23,24,44",7
3724,12/23/2021,"1,21,35,39,44,45",42
3723,12/20/2021,"4,5,16,18,24,34",27
3722,12/16/2021,"6,26,27,37,40,43",49
3721,12/13/2021,"5,18,19,23,40,49",20
3720,12/9/2021,"1,17,30,31,42,43",46
3719,12/6/2021,"7,16,33,37,42,43",48
3718,12/2/2021,"6,12,22,23,40,49",25
3717,11/29/2021,"1,7,12,26,28,32",21
3716,11/25/2021,"6,20,27,32,40,44",4
3715,11/22/2021,"1,3,16,20,35,41",5
3714,11/18/2021,"1,10,39,43,45,48",14
3713,11/15/2021,"23,27,31,34,43,48",1
3712,11/11/2021,"5,7,12,35,48,49",2
3711,11/8/2021,"7,8,20,31,35,41",3
3710,11/4/2021,"7,18,22,36,44,45",30
3709,11/1/2021,"7,15,22,24,26,37",9
3708,10/28/2021,"3,20,27,34,35,46",37
3707,10/25/2021,"4,18,24,40,43,47",48
3706,10/21/2021,"7,22,23,25,42,43",18
3705,10/18/2021,"5,23,24,27,44,49",26
3704,10/14/2021,"10,15,16,24,45,47",19
3703,10/11/2021,"10,26,27,36,37,43",42
3702,10/7/2021,"1,27,28,39,40,49",33
3701,10/4/2021,"10,14,28,30,35,40",6
3700,9/30/2021,"5,8,14,26,30,44",47
3699,9/27/2021,"20,28,33,38,40,44",49
3698,9/23/2021,"9,35,41,42,43,44",29
3697,9/20/2021,"3,6,10,16,33,49",1
3696,9/16/2021,"9,10,15,30,38,48",2
3695,9/13/2021,"6,25,26,41,42,44",37
3694,9/9/2021,"5,19,30,33,37,42",38
3693,9/6/2021,"1,15,31,32,33,44",20
3692,9/2/2021,"3,4,6,10,19,42",34
3691,8/30/2021,"19,23,24,27,36,37",17
3690,8/26/2021,"5,18,24,37,38,49",35
3689,8/23/2021,"5,17,26,27,31,48",4
3688,8/19/2021,"1,3,9,39,40,47",29
3687,8/16/2021,"10,21,28,31,37,38",6
3686,8/12/2021,"2,20,25,29,32,49",36
3685,8/9/2021,"15,24,33,34,36,40",18
3684,8/5/2021,"3,17,19,23,32,38",7
3683,8/2/2021,"12,16,23,26,33,44",10
3682,7/29/2021,"1,7,22,33,40,48",10
3681,7/26/2021,"3,8,30,34,39,46",44
3680,7/22/2021,"1,21,26,38,44,45",17
3679,7/19/2021,"4,10,21,33,42,44",19
3678,7/15/2021,"3,5,9,14,23,26",20
3677,7/12/2021,"18,19,23,24,38,45",27
3676,7/8/2021,"7,9,15,20,23,40",2
3675,7/5/2021,"8,14,20,28,29,36",18
3674,7/1/2021,"4,5,9,17,31,34",8
3673,6/28/2021,"14,31,32,33,38,47",45
3672,6/24/2021,"1,12,17,21,24,44",23
3671,6/21/2021,"7,8,10,14,17,28",45
3670,6/17/2021,"5,12,15,30,38,43",33
3669,6/14/2021,"5,16,23,24,28,45",40
3668,6/10/2021,"1,9,15,22,24,42",10
3667,6/7/2021,"7,14,23,31,39,41",33
3666,6/3/2021,"1,7,21,26,30,39",40
3665,5/31/2021,"14,15,18,19,30,44",6
3664,5/27/2021,"3,7,9,24,36,38",43
3663,5/24/2021,"11,18,23,31,32,33",49
3662,5/20/2021,"7,12,18,29,32,37",44
3661,5/17/2021,"5,6,11,36,41,46",8
3660,5/13/2021,"2,4,5,16,39,47",24
3659,5/10/2021,"6,18,32,33,34,45",8
3658,5/6/2021,"4,6,12,20,31,35",47
3657,5/3/2021,"15,17,18,35,41,42",3
3656,4/29/2021,"2,19,22,29,36,43",5
3655,4/26/2021,"2,15,18,36,42,49",26
3654,4/22/2021,"3,17,22,32,38,48",41
3653,4/19/2021,"8,10,16,17,20,43",32
3652,4/15/2021,"10,14,23,25,35,46",39
3651,4/12/2021,"4,23,27,43,48,49",47
3650,4/8/2021,"7,8,9,14,28,35",4
3649,4/5/2021,"9,11,15,17,25,40",5
3648,4/1/2021,"10,11,15,21,29,44",26
3647,3/29/2021,"14,15,20,23,30,35",39
3646,3/25/2021,"4,16,17,20,22,44",38
3645,3/22/2021,"2,12,20,35,37,44",17
3644,3/18/2021,"2,5,12,24,25,29",3
3643,3/15/2021,"12,15,19,28,35,43",44
3642,3/11/2021,"12,19,26,41,46,47",35
3641,3/8/2021,"8,13,17,27,33,40",38
3640,3/4/2021,"11,12,20,28,30,38",27
3639,3/1/2021,"5,6,7,13,25,37",30
3638,2/26/2021,"21,24,40,42,44,48",1
3637,2/22/2021,"3,6,8,11,36,48",1
3636,2/18/2021,"1,4,6,15,40,44",37
3635,2/15/2021,"9,13,18,20,34,40",36
3634,2/11/2021,"10,23,25,28,46,49",36
3633,2/8/2021,"9,10,25,27,34,42",29
3632,2/5/2021,"8,9,11,24,26,47",34
3631,2/1/2021,"4,6,9,18,27,39",33
3630,1/28/2021,"6,16,25,32,35,37",22
3629,1/25/2021,"8,9,12,17,33,39",48
3628,1/21/2021,"8,11,15,17,19,35",45
3627,1/18/2021,"2,12,23,33,35,37",43
3626,1/14/2021,"12,21,23,25,32,44",42
3625,1/11/2021,"3,5,8,19,26,47",41
3624,1/7/2021,"1,7,9,12,32,36",17
3623,1/4/2021,"4,5,8,12,27,42",14
3622,1/1/2021,"5,8,13,16,35,47",2
3621,12/28/2020,"32,34,40,45,46,47",25
3620,12/24/2020,"5,11,19,21,22,37",26
3619,12/21/2020,"4,8,15,31,36,39",47
3618,12/17/2020,"5,8,27,33,35,41",30
3617,12/14/2020,"6,21,29,45,47,48",15
3616,12/10/2020,"10,17,22,23,27,33",34
3615,12/7/2020,"7,13,14,33,37,48",24
3614,12/3/2020,"1,7,8,11,36,40",31
3613,11/30/2020,"2,3,25,33,35,49",10
3612,11/26/2020,"2,5,8,27,35,48",29
3611,11/23/2020,"1,7,11,22,30,45",48
3610,11/19/2020,"3,12,22,23,34,42",49
3609,11/16/2020,"1,2,20,27,36,44",17
3608,11/12/2020,"9,11,14,22,26,35",20
3607,11/9/2020,"8,12,13,30,37,46",36
3606,11/5/2020,"3,19,25,33,40,44",37
3605,11/2/2020,"3,36,37,44,48,49",35
3604,10/29/2020,"10,12,27,37,39,46",13
3603,10/26/2020,"2,8,11,19,41,49",27
3602,10/22/2020,"11,25,28,30,34,36",24
3601,10/19/2020,"9,10,11,13,20,25",15
3600,10/15/2020,"14,27,28,31,46,48",7
3599,10/12/2020,"1,10,14,40,41,48",30
3598,10/8/2020,"2,3,7,12,21,34",41
3597,10/5/2020,"7,10,14,15,39,44",1
3596,10/1/2020,"7,10,11,21,26,48",13
3595,9/28/2020,"5,16,27,34,41,42",49
3594,9/24/2020,"4,31,36,40,45,48",26
3593,9/21/2020,"13,16,17,20,27,38",26
3592,9/17/2020,"1,3,9,19,36,39",5
3591,9/14/2020,"2,11,13,15,28,45",36
3590,9/10/2020,"15,21,27,36,39,43",45
3589,9/7/2020,"9,11,19,22,36,45",23
3588,9/3/2020,"4,16,27,32,44,47",9
3587,8/31/2020,"12,15,16,23,25,46",47
3586,8/27/2020,"2,10,13,32,41,43",24
3585,8/24/2020,"1,19,24,26,37,41",22
3584,8/20/2020,"6,15,19,26,30,48",41
3583,8/17/2020,"1,2,15,30,35,46",38
3582,8/13/2020,"5,9,29,41,42,43",28
3581,8/10/2020,"9,19,20,29,36,43",38
3580,8/6/2020,"10,28,35,39,41,43",44
3579,8/3/2020,"1,3,10,15,32,40",7
3578,7/30/2020,"18,24,34,38,43,48",8
3577,7/27/2020,"4,19,25,31,34,37",32
3576,7/23/2020,"4,12,13,20,35,36",18
3575,7/20/2020,"1,20,23,24,40,42",48
3574,7/16/2020,"5,18,27,28,29,37",21
3573,7/13/2020,"6,22,34,35,37,43",33
3572,7/9/2020,"8,10,12,16,21,48",41
3571,7/6/2020,"1,22,26,38,39,48",40
3570,7/2/2020,"3,20,36,38,43,48",16
3569,6/29/2020,"3,9,17,38,39,41",13
3568,6/25/2020,"23,37,42,43,47,49",34
3567,4/2/2020,"4,11,14,23,28,47",24
3566,3/30/2020,"1,7,17,29,30,43",31
3565,3/26/2020,"7,12,13,19,42,46",29
3564,3/23/2020,"10,30,35,39,42,49",18
3563,3/19/2020,"8,19,27,33,37,47",18
3562,3/16/2020,"2,15,19,40,47,48",27
3561,3/12/2020,"1,3,18,34,36,49",16
3560,3/9/2020,"4,11,14,22,29,47",6
3559,3/5/2020,"12,14,30,37,38,40",42
3558,3/2/2020,"11,37,39,41,42,46",43
3557,2/27/2020,"10,32,35,36,46,49",40
3556,2/24/2020,"11,24,26,29,42,47",25
3555,2/20/2020,"7,19,26,31,34,40",6
3554,2/17/2020,"17,19,23,30,42,45",13
3553,2/13/2020,"5,7,19,23,44,48",45
3552,2/10/2020,"8,12,15,17,32,46",20
3551,2/7/2020,"10,15,16,21,24,49",2
3550,2/3/2020,"6,9,23,34,42,49",22
3549,1/30/2020,"7,20,29,41,47,49",28
3548,1/27/2020,"3,32,38,43,46,48",34
3547,1/23/2020,"9,14,36,38,40,47",30
3546,1/20/2020,"11,18,20,22,27,37",39
3545,1/17/2020,"1,11,24,28,45,48",23
3544,1/13/2020,"2,3,4,13,16,33",14
3543,1/9/2020,"12,24,34,38,46,47",28
3542,1/6/2020,"2,7,11,15,26,47",33
3541,1/3/2020,"13,15,21,23,30,35",25
3540,12/30/2019,"3,12,13,35,36,40",33
3539,12/26/2019,"8,16,20,24,25,36",13
3538,12/23/2019,"1,15,35,41,42,43",28
3537,12/19/2019,"19,21,27,36,40,44",2
3536,12/16/2019,"4,10,22,23,40,42",7
3535,12/12/2019,"2,22,29,33,36,45",20
3534,12/9/2019,"21,22,27,30,39,44",46
3533,12/5/2019,"2,9,14,26,30,47",34
3532,12/2/2019,"1,14,15,25,34,35",36
3531,11/28/2019,"6,30,34,45,46,48",32
3530,11/25/2019,"3,6,16,35,38,46",23
3529,11/21/2019,"1,4,16,18,30,32",37
3528,11/18/2019,"1,16,17,20,21,30",29
3527,11/14/2019,"2,9,16,21,36,49",31
3526,11/11/2019,"3,20,29,30,39,41",6
3525,11/7/2019,"5,26,28,30,34,46",42
3524,11/4/2019,"3,8,9,38,41,44",34
3523,10/31/2019,"13,30,33,36,44,47",14
3522,10/28/2019,"5,19,20,27,34,36",24
3521,10/24/2019,"14,24,25,29,43,44",7
3520,10/21/2019,"5,13,28,38,47,48",40
3519,10/17/2019,"2,35,37,42,43,47",44
3518,10/14/2019,"4,5,14,25,26,45",29
3517,10/10/2019,"4,18,26,32,34,45",33
3516,10/7/2019,"12,13,26,36,41,46",5
3515,10/3/2019,"1,12,24,45,46,48",29
3514,9/30/2019,"10,13,16,38,42,47",11
3513,9/26/2019,"9,19,30,34,35,46",49
3512,9/23/2019,"9,10,25,29,41,44",43
3511,9/19/2019,"14,22,24,31,45,47",29
3510,9/16/2019,"9,17,29,32,36,40",30
3509,9/12/2019,"7,10,30,33,44,45",46
3508,9/9/2019,"10,19,25,36,44,49",27
3507,9/5/2019,"17,18,27,42,47,48",37
3506,9/2/2019,"1,5,18,20,33,44",48
3505,8/29/2019,"6,22,33,40,45,47",49
3504,8/26/2019,"7,18,23,40,44,48",35
3503,8/22/2019,"1,14,25,28,29,38",31
3502,8/19/2019,"2,6,19,20,26,45",30
3501,8/15/2019,"3,11,27,29,40,42",1
3500,8/12/2019,"33,34,36,37,44,49",16
3499,8/8/2019,"1,4,5,22,27,34",41
3498,8/5/2019,"4,15,16,20,21,26",18
3497,8/1/2019,"3,8,22,30,31,48",42
3496,7/29/2019,"4,10,24,32,37,44",31
3495,7/25/2019,"4,5,29,30,31,33",41
3494,7/22/2019,"7,23,30,34,43,47",2
3493,7/18/2019,"14,20,25,28,31,42",9
3492,7/15/2019,"4,15,30,35,36,43",24
3491,7/11/2019,"6,12,28,43,45,47",16
3490,7/8/2019,"9,11,22,23,24,29",49
3489,7/4/2019,"7,9,21,34,36,45",27
3488,7/1/2019,"5,7,27,30,38,48",15
3487,6/27/2019,"1,4,25,36,41,47",26
3486,6/24/2019,"8,17,25,32,41,48",21
3485,6/20/2019,"8,19,25,26,29,34",7
3484,6/17/2019,"6,20,29,36,40,43",10
3483,6/13/2019,"1,3,10,14,22,39",24
3482,6/10/2019,"10,11,15,17,19,46",4
3481,6/6/2019,"21,24,28,31,32,38",4
3480,6/3/2019,"3,4,12,19,27,30",31
3479,5/30/2019,"4,12,21,30,31,44",3
3478,5/27/2019,"5,9,17,21,22,32",34
3477,5/23/2019,"12,20,22,31,32,46",38
3476,5/20/2019,"7,18,24,46,47,48",10
3475,5/16/2019,"5,7,9,15,38,45",29
3474,5/13/2019,"2,3,19,21,23,31",1
3473,5/9/2019,"5,10,11,18,26,49",4
3472,5/6/2019,"5,6,13,26,32,41",18
3471,5/2/2019,"10,15,24,35,42,47",11
3470,4/29/2019,"4,10,26,31,39,48",19
3469,4/25/2019,"1,7,14,15,32,38",39
3468,4/22/2019,"12,13,19,23,24,44",14
3467,4/18/2019,"6,15,28,33,45,47",43
3466,4/15/2019,"8,19,25,34,35,47",30
3465,4/11/2019,"5,12,13,17,29,47",4
3464,4/8/2019,"9,19,20,24,28,49",36
3463,4/4/2019,"4,17,20,21,33,39",27
3462,4/1/2019,"7,12,22,30,31,36",2
3461,3/28/2019,"2,15,20,26,29,44",43
3460,3/25/2019,"6,13,23,26,34,37",15
3459,3/21/2019,"2,5,12,13,15,31",36
3458,3/18/2019,"2,5,8,17,43,47",25
3457,3/14/2019,"2,4,17,21,25,46",44
3456,3/11/2019,"6,23,26,27,34,49",32
3455,3/7/2019,"1,2,13,29,41,43",34
3454,3/4/2019,"1,6,7,16,39,40",12
3453,2/28/2019,"20,24,27,39,43,48",8
3452,2/25/2019,"9,12,27,28,38,44",10
3451,2/22/2019,"5,8,14,16,34,39",23
3450,2/18/2019,"25,26,29,31,46,49",21
3449,2/14/2019,"2,10,12,20,24,32",31
3448,2/11/2019,"9,10,15,33,39,40",41
3447,2/7/2019,"5,7,9,11,35,49",31
3446,2/4/2019,"6,15,21,30,46,47",34
3445,2/1/2019,"5,11,16,17,22,27",10
3444,1/28/2019,"6,11,19,33,35,38",45
3443,1/24/2019,"3,4,18,32,41,44",34
3442,1/21/2019,"7,38,40,45,46,47",21
3441,1/17/2019,"5,10,22,30,42,48",13
3440,1/14/2019,"10,13,21,27,34,40",41
3439,1/11/2019,"1,2,13,18,41,47",46
3438,1/7/2019,"1,2,36,39,41,42",37
3437,1/3/2019,"12,22,26,37,40,47",33
3436,12/31/2018,"8,13,18,28,43,49",6
3435,12/27/2018,"9,19,20,30,35,46",23
3434,12/24/2018,"3,5,12,17,29,39",31
3433,12/20/2018,"7,12,15,30,33,39",48
3432,12/17/2018,"15,16,30,32,44,48",46
3431,12/13/2018,"3,11,18,23,38,47",7
3430,12/10/2018,"4,10,14,26,39,44",48
3429,12/6/2018,"5,9,16,18,23,47",19
3428,12/3/2018,"5,6,7,29,37,38",23
3427,11/29/2018,"4,11,19,25,40,44",1
3426,11/26/2018,"16,22,28,31,38,46",33
3425,11/22/2018,"11,17,20,21,27,30",33
3424,11/19/2018,"2,9,14,36,46,48",5
3423,11/15/2018,"21,25,27,36,39,44",18
3422,11/12/2018,"4,12,21,34,41,47",33
3421,11/8/2018,"8,13,16,26,28,38",46
3420,11/5/2018,"3,8,14,28,43,49",26
3419,11/1/2018,"6,27,28,41,44,48",15
3418,10/29/2018,"2,6,10,20,28,31",30
3417,10/25/2018,"7,8,13,15,35,48",30
3416,10/22/2018,"5,22,24,40,43,48",2
3415,10/18/2018,"5,14,17,31,46,48",47
3414,10/15/2018,"1,4,24,32,35,48",20
3413,10/11/2018,"1,16,18,24,29,46",35
3412,10/8/2018,"17,18,23,39,43,49",2
3411,10/4/2018,"5,12,23,32,37,42",43
3410,10/1/2018,"11,15,23,24,32,40",43
3409,9/27/2018,"2,25,29,33,42,45",20
3408,9/24/2018,"6,8,17,24,29,47",34
3407,9/20/2018,"5,12,18,30,32,38",22
3406,9/17/2018,"16,21,22,24,25,27",1
3405,9/13/2018,"6,16,17,40,44,48",34
3404,9/10/2018,"2,6,9,15,40,43",18
3403,9/6/2018,"2,15,17,20,23,30",45
3402,9/3/2018,"4,5,13,18,39,40",3
3401,8/30/2018,"3,9,27,29,31,40",46
3400,8/27/2018,"5,6,16,24,26,29",38
3399,8/23/2018,"2,3,23,30,39,41",19
3398,8/20/2018,"9,10,25,38,40,42",2
3397,8/16/2018,"22,23,25,32,33,36",20
3396,8/13/2018,"1,3,6,16,22,36",17
3395,8/9/2018,"13,16,20,23,39,42",28
3394,8/6/2018,"7,18,20,27,36,40",15
3393,8/2/2018,"1,10,15,27,41,46",35
3392,7/30/2018,"8,10,19,20,41,43",7
3391,7/26/2018,"1,9,13,17,28,40",37
3390,7/23/2018,"2,23,26,28,39,40",12
3389,7/19/2018,"13,14,23,35,37,46",45
3388,7/16/2018,"4,8,19,24,32,47",22
3387,7/12/2018,"4,15,25,32,40,41",10
3386,7/9/2018,"6,23,31,38,39,43",33
3385,7/5/2018,"8,11,28,30,32,34",39
3384,7/2/2018,"12,13,26,33,35,38",23
3383,6/28/2018,"2,7,22,27,40,47",48
3382,6/25/2018,"2,5,25,38,44,48",9
3381,6/21/2018,"4,6,15,24,30,35",46
3380,6/18/2018,"11,15,22,23,26,43",25
3379,6/14/2018,"4,29,31,35,42,48",1
3378,6/11/2018,"16,25,30,37,44,49",34
3377,6/7/2018,"12,20,29,31,37,39",42
3376,6/4/2018,"20,22,31,37,43,45",27
3375,5/31/2018,"11,13,24,26,47,49",33
3374,5/28/2018,"5,9,27,28,30,44",2
3373,5/24/2018,"11,25,26,34,36,42",16
3372,5/21/2018,"8,10,16,30,37,44",17
3371,5/17/2018,"7,21,25,29,35,37",13
3370,5/14/2018,"17,24,29,45,46,49",5
3369,5/10/2018,"4,14,35,38,45,47",13
3368,5/7/2018,"2,7,12,15,23,44",34
3367,5/3/2018,"14,23,28,30,32,48",8
3366,4/30/2018,"7,13,18,21,32,35",14
3365,4/26/2018,"5,14,17,25,28,46",39
3364,4/23/2018,"1,30,32,36,37,41",16
3363,4/19/2018,"18,22,32,35,36,44",38
3362,4/16/2018,"14,22,25,27,28,29",1
3361,4/12/2018,"1,7,15,27,32,38",45
3360,4/9/2018,"18,36,40,41,43,49",28
3359,4/5/2018,"3,5,21,30,32,40",34
3358,4/2/2018,"3,12,30,39,43,48",20
3357,3/29/2018,"11,15,17,21,27,33",10
3356,3/26/2018,"6,13,14,27,32,36",29
3355,3/22/2018,"5,6,13,21,27,47",42
3354,3/19/2018,"3,18,31,39,43,46",29
3353,3/15/2018,"9,16,23,25,34,40",47
3352,3/12/2018,"9,12,15,16,29,44",2
3351,3/8/2018,"2,10,14,24,28,40",21
3350,3/5/2018,"6,15,16,30,32,39",19
3349,3/2/2018,"24,28,31,37,40,49",29
3348,2/26/2018,"4,9,13,15,40,44",48
3347,2/22/2018,"4,12,13,15,35,46",21
3346,2/19/2018,"10,21,29,34,37,43",28
3345,2/15/2018,"16,18,30,31,36,41",1
3344,2/12/2018,"12,14,19,23,37,41",3
3343,2/9/2018,"8,15,16,23,40,49",18
3342,2/5/2018,"25,33,38,40,42,48",27
3341,2/1/2018,"4,15,20,22,29,32",8
3340,1/29/2018,"7,14,25,32,44,48",19
3339,1/25/2018,"1,15,23,25,34,47",2
3338,1/22/2018,"1,2,15,29,32,49",11
3337,1/18/2018,"2,6,12,17,26,40",44
3336,1/15/2018,"1,2,6,28,29,49",17
3335,1/11/2018,"22,24,25,40,45,49",3
3334,1/8/2018,"6,10,18,36,44,45",46
3333,1/5/2018,"3,4,13,19,23,47",5
3332,1/1/2018,"3,9,16,34,45,46",49
3331,12/28/2017,"1,3,5,16,27,40",26
3330,12/25/2017,"6,7,14,17,19,29",46
3329,12/21/2017,"1,2,26,27,35,43",23
3328,12/18/2017,"2,6,10,19,31,35",34
3327,12/14/2017,"1,9,13,33,41,48",21
3326,12/11/2017,"5,12,37,39,42,43",15
3325,12/7/2017,"9,10,25,37,45,46",40
3324,12/4/2017,"4,5,19,38,39,40",26
3323,11/30/2017,"17,22,29,36,38,47",46
3322,11/27/2017,"7,8,23,30,42,48",38
3321,11/23/2017,"11,14,41,46,47,49",48
3320,11/20/2017,"9,11,13,18,20,34",27
3319,11/16/2017,"11,13,16,27,34,48",30
3318,11/13/2017,"3,19,21,35,37,44",26
3317,11/9/2017,"22,31,33,41,44,47",24
3316,11/6/2017,"2,8,11,15,19,32",47
3315,11/2/2017,"7,17,18,30,32,47",39
3314,10/30/2017,"8,20,30,43,46,48",18
3313,10/26/2017,"3,10,25,32,36,37",6
3312,10/23/2017,"2,9,23,35,38,48",20
3311,10/19/2017,"2,4,15,20,26,28",24
3310,10/16/2017,"6,11,12,34,36,49",3
3309,10/12/2017,"6,14,17,21,22,37",15
3308,10/9/2017,"6,14,17,40,43,49",48
3307,10/5/2017,"9,19,23,36,40,44",20
3306,10/2/2017,"2,8,17,18,23,42",1
3305,9/28/2017,"11,12,26,27,29,33",10
3304,9/25/2017,"7,18,26,34,41,48",8
3303,9/21/2017,"9,14,15,28,35,37",2
3302,9/18/2017,"3,15,22,24,32,43",35
3301,9/14/2017,"12,15,29,36,40,45",16
3300,9/11/2017,"7,14,17,18,44,48",2
3299,9/7/2017,"13,19,20,21,32,49",27
3298,9/4/2017,"10,11,22,36,38,46",13
3297,8/31/2017,"3,36,39,40,44,47",14
3296,8/28/2017,"1,21,29,35,39,46",8
3295,8/24/2017,"11,17,26,30,32,39",33
3294,8/21/2017,"4,7,12,18,42,47",41
3293,8/17/2017,"11,15,29,39,41,47",25
3292,8/14/2017,"2,8,17,22,39,46",6
3291,8/10/2017,"1,31,39,45,46,49",34
3290,8/7/2017,"5,17,34,40,42,46",22
3289,8/3/2017,"14,19,22,27,32,36",40
3288,7/31/2017,"11,13,14,16,30,43",47
3287,7/27/2017,"14,20,24,33,37,41",18
3286,7/24/2017,"2,22,23,32,35,41",7
3285,7/20/2017,"8,11,35,39,41,43",13
3284,7/17/2017,"9,11,16,20,27,46",39
3283,7/13/2017,"24,30,33,34,47,49",12
3282,7/10/2017,"11,16,31,35,46,48",41
3281,7/6/2017,"2,4,7,26,40,47",35
3280,7/3/2017,"5,7,9,27,31,34",40
3279,6/29/2017,"2,9,13,16,29,40",46
3278,6/26/2017,"14,20,21,23,25,37",15
3277,6/22/2017,"4,5,12,20,47,49",25
3276,6/19/2017,"1,23,30,34,40,42",14
3275,6/15/2017,"20,21,23,37,39,47",31
3274,6/12/2017,"9,10,19,21,23,43",15
3273,6/8/2017,"5,7,22,25,34,40",1
3272,6/5/2017,"15,21,23,24,39,40",18
3271,6/1/2017,"9,15,17,22,44,46",2
3270,5/29/2017,"13,15,16,27,36,47",24
3269,5/25/2017,"3,8,11,32,44,46",12
3268,5/22/2017,"21,24,31,34,37,44",45
3267,5/18/2017,"4,23,43,44,46,48",16
3266,5/15/2017,"8,14,16,23,24,27",5
3265,5/11/2017,"8,9,12,18,27,45",13
3264,5/8/2017,"5,21,29,30,38,45",1
3263,5/4/2017,"4,13,14,36,41,43",45
3262,5/1/2017,"8,17,24,29,32,45",14
3261,4/27/2017,"4,7,15,31,32,43",37
3260,4/24/2017,"2,8,22,31,32,35",36
3259,4/20/2017,"2,12,25,28,37,38",22
3258,4/17/2017,"12,17,25,28,36,44",3
3257,4/13/2017,"7,9,16,27,32,47",36
3256,4/10/2017,"13,19,20,23,29,31",48
3255,4/6/2017,"10,12,20,27,43,46",26
3254,4/3/2017,"1,28,30,32,40,48",31
3253,3/30/2017,"28,34,38,39,42,46",24
3252,3/27/2017,"1,27,28,40,41,44",36
3251,3/23/2017,"5,13,18,25,28,44",16
3250,3/20/2017,"6,20,30,41,42,45",35
3249,3/16/2017,"2,9,15,19,20,37",29
3248,3/13/2017,"6,28,30,35,39,42",33
3247,3/9/2017,"2,6,9,17,26,46",13
3246,3/6/2017,"16,22,28,36,39,47",3
3245,3/2/2017,"8,14,20,35,36,41",38
3244,2/27/2017,"22,25,27,29,35,49",31
3243,2/23/2017,"7,8,9,28,41,42",29
3242,2/20/2017,"2,6,13,17,23,46",3
3241,2/16/2017,"8,17,31,43,44,48",46
3240,2/13/2017,"7,10,19,23,24,33",3
3239,2/10/2017,"2,7,24,27,29,34",21
3238,2/6/2017,"9,14,17,25,30,36",44
3237,2/2/2017,"11,20,21,29,37,48",23
3236,1/30/2017,"21,22,25,27,32,39",6
3235,1/26/2017,"8,12,16,19,22,46",6
3234,1/23/2017,"5,14,23,28,45,49",39
3233,1/19/2017,"5,8,16,44,48,49",32
3232,1/16/2017,"2,7,17,21,35,42",16
3231,1/12/2017,"3,6,12,25,40,43",42
3230,1/9/2017,"8,29,33,34,42,49",21
3229,1/5/2017,"7,15,20,33,39,44",43
3228,1/2/2017,"1,18,22,35,38,49",30
3227,12/29/2016,"2,4,34,36,42,46",15
3226,12/26/2016,"8,10,18,25,28,46",23
3225,12/22/2016,"3,28,37,38,44,47",46
3224,12/19/2016,"10,11,24,27,36,49",43
3223,12/15/2016,"4,18,24,39,46,47",10
3222,12/12/2016,"2,14,31,36,43,46",39
3221,12/8/2016,"6,8,11,24,37,46",23
3220,12/5/2016,"5,9,11,19,24,37",36
3219,12/1/2016,"3,4,8,19,24,46",12
3218,11/28/2016,"2,4,15,24,37,48",6
3217,11/24/2016,"2,3,17,19,22,40",20
3216,11/21/2016,"4,21,25,40,47,48",49
3215,11/17/2016,"1,21,31,36,39,43",38
3214,11/14/2016,"8,10,15,31,38,40",19
3213,11/10/2016,"17,22,26,34,41,47",42
3212,11/7/2016,"1,13,21,41,48,49",22
3211,11/3/2016,"1,11,19,26,35,39",14
3210,10/31/2016,"14,19,24,32,36,42",35
3209,10/27/2016,"3,5,8,21,40,46",30
3208,10/24/2016,"2,15,18,24,34,35",48
3207,10/20/2016,"5,14,20,23,36,49",30
3206,10/17/2016,"3,7,9,27,39,44",48
3205,10/13/2016,"16,20,31,32,40,41",13
3204,10/10/2016,"3,18,24,30,35,49",44
3203,10/6/2016,"6,13,19,25,26,39",35
3202,10/3/2016,"6,9,14,27,28,46",2
3201,9/29/2016,"1,3,4,24,34,48",29
3200,9/26/2016,"6,9,15,27,37,48",24
3199,9/22/2016,"8,11,28,34,40,46",48
3198,9/19/2016,"14,17,26,31,41,45",30
3197,9/15/2016,"2,20,21,25,27,38",28
3196,9/12/2016,"3,10,18,22,48,49",41
3195,9/8/2016,"4,6,11,13,26,31",17
3194,9/5/2016,"3,9,14,21,32,40",7
3193,9/1/2016,"3,4,12,15,28,48",8
3192,8/29/2016,"11,19,23,32,48,49",34
3191,8/25/2016,"5,6,11,25,35,40",44
3190,8/22/2016,"1,10,35,36,41,49",48
3189,8/18/2016,"2,10,11,21,26,36",18
3188,8/15/2016,"3,16,18,31,35,38",29
3187,8/11/2016,"13,22,30,32,45,46",29
3186,8/8/2016,"4,9,23,26,34,44",21
3185,8/4/2016,"1,8,29,31,37,42",23
3184,8/1/2016,"6,14,24,36,37,39",27
3183,7/28/2016,"4,6,8,15,29,36",9
3182,7/25/2016,"6,26,38,40,44,49",16
3181,7/21/2016,"2,14,18,27,31,44",26
3180,7/18/2016,"8,11,22,35,36,46",43
3179,7/14/2016,"2,11,14,16,31,44",19
3178,7/11/2016,"7,21,22,30,35,39",19
3177,7/7/2016,"4,6,13,15,21,30",49
3176,7/4/2016,"11,18,26,27,34,46",22
3175,6/30/2016,"11,12,15,16,21,32",47
3174,6/27/2016,"1,12,13,14,38,40",34
3173,6/23/2016,"1,3,5,8,20,44",22
3172,6/20/2016,"4,6,14,18,19,35",42
3171,6/16/2016,"5,11,30,36,44,46",16
3170,6/13/2016,"6,18,22,24,26,30",36
3169,6/9/2016,"12,21,27,28,35,43",47
3168,6/6/2016,"2,7,12,19,29,36",20
3167,6/2/2016,"1,15,23,25,33,42",44
3166,5/30/2016,"8,12,24,33,35,39",22
3165,5/26/2016,"7,15,19,31,32,40",47
3164,5/23/2016,"7,12,20,24,30,31",43
3163,5/19/2016,"2,17,19,23,32,49",33
3162,5/16/2016,"1,10,24,26,36,47",4
3161,5/12/2016,"1,4,23,40,46,48",34
3160,5/9/2016,"1,12,26,29,39,49",42
3159,5/5/2016,"9,20,23,46,48,49",42
3158,5/2/2016,"6,7,8,9,14,19",48
3157,4/28/2016,"3,20,26,31,34,40",30
3156,4/25/2016,"1,3,4,22,37,41",31
3155,4/21/2016,"13,14,19,32,33,48",42
3154,4/18/2016,"11,14,21,28,30,39",49
3153,4/14/2016,"3,4,19,26,28,34",30
3152,4/11/2016,"9,13,16,18,48,49",42
3151,4/7/2016,"1,7,30,32,38,46",23
3150,4/4/2016,"10,15,22,28,34,38",12
3149,3/31/2016,"20,21,22,31,39,46",32
3148,3/28/2016,"8,9,15,28,36,39",33
3147,3/24/2016,"4,9,28,35,38,44",36
3146,3/21/2016,"8,12,20,39,43,47",9
3145,3/17/2016,"2,3,20,21,30,33",12
3144,3/14/2016,"8,10,24,29,31,33",4
3143,3/10/2016,"25,29,32,33,34,49",13
3142,3/7/2016,"9,18,30,33,45,47",25
3141,3/3/2016,"6,14,24,33,38,41",25
3140,2/29/2016,"8,11,15,17,28,47",18
3139,2/25/2016,"7,14,17,23,35,49",31
3138,2/22/2016,"10,18,22,37,39,40",46
3137,2/19/2016,"16,18,20,21,27,49",23
3136,2/15/2016,"3,5,29,40,43,49",21
3135,2/11/2016,"7,8,17,39,46,49",13
3134,2/8/2016,"13,14,16,21,24,42",7
3133,2/4/2016,"2,21,26,34,39,49",3
3132,2/1/2016,"9,10,11,22,23,32",6
3131,1/28/2016,"4,20,22,40,41,48",21
3130,1/25/2016,"16,17,19,35,40,48",37
3129,1/21/2016,"2,11,23,24,33,44",28
3128,1/18/2016,"4,11,40,43,48,49",17
3127,1/14/2016,"1,2,4,7,28,41",18
3126,1/11/2016,"13,20,22,29,36,37",33
3125,1/7/2016,"3,5,6,20,21,45",33
3124,1/4/2016,"3,9,18,28,31,46",32
3123,12/31/2015,"9,21,23,35,38,41",36
3122,12/28/2015,"7,15,16,17,35,47",41
3121,12/24/2015,"10,20,21,27,33,46",37
3120,12/21/2015,"11,14,18,22,35,43",28
3119,12/17/2015,"2,12,17,19,20,33",27
3118,12/14/2015,"6,21,25,29,33,40",31
3117,12/10/2015,"4,8,11,39,44,46",29
3116,12/7/2015,"5,24,26,36,44,49",19
3115,12/3/2015,"17,20,34,37,43,48",32
3114,11/30/2015,"11,31,35,37,44,46",42
3113,11/26/2015,"2,24,34,43,44,46",28
3112,11/23/2015,"5,31,36,39,44,46",43
3111,11/19/2015,"1,14,19,37,40,47",9
3110,11/16/2015,"3,5,18,41,46,48",40
3109,11/12/2015,"8,10,11,12,33,41",1
3108,11/9/2015,"3,17,36,40,48,49",12
3107,11/5/2015,"2,26,27,28,37,47",17
3106,11/2/2015,"1,10,18,27,35,48",30
3105,10/29/2015,"7,9,18,26,36,46",43
3104,10/26/2015,"1,5,22,28,48,49",8
3103,10/22/2015,"5,16,22,29,48,49",27
3102,10/19/2015,"10,13,27,36,39,45",47
3101,10/15/2015,"7,14,23,25,28,33",31
3100,10/12/2015,"6,11,17,28,41,48",19
3099,10/8/2015,"6,8,15,20,25,45",22
3098,10/5/2015,"1,4,7,20,26,28",18
3097,10/1/2015,"3,6,15,27,36,41",49
3096,9/28/2015,"12,32,35,40,41,47",25
3095,9/24/2015,"8,16,25,29,31,40",11
3094,9/21/2015,"8,9,10,19,28,33",24
3093,9/17/2015,"5,8,20,30,35,49",12
3092,9/14/2015,"3,13,14,19,25,31",47
3091,9/10/2015,"27,33,38,39,41,47",35
3090,9/7/2015,"1,3,12,15,26,31",16
3089,9/3/2015,"1,9,10,23,24,32",5
3088,8/31/2015,"5,8,9,12,18,48",24
3087,8/27/2015,"13,16,19,23,25,48",11
3086,8/24/2015,"5,7,8,23,29,33",42
3085,8/20/2015,"3,14,19,33,38,41",22
3084,8/17/2015,"2,6,20,21,27,36",31
3083,8/13/2015,"8,10,12,34,38,48",19
3082,8/10/2015,"6,7,8,12,37,45",1
3081,8/6/2015,"11,15,20,33,38,40",8
3080,8/3/2015,"18,21,23,25,26,41",40
3079,7/30/2015,"2,10,13,21,25,49",7
3078,7/27/2015,"6,9,40,42,43,46",37
3077,7/23/2015,"4,13,18,24,34,37",48
3076,7/20/2015,"3,17,25,28,34,46",27
3075,7/16/2015,"2,10,30,32,42,48",19
3074,7/13/2015,"31,33,34,35,37,42",6
3073,7/9/2015,"5,24,33,38,42,44",49
3072,7/6/2015,"1,6,9,18,21,35",26
3071,7/2/2015,"7,12,13,21,30,32",5
3070,6/29/2015,"2,14,15,26,29,31",8
3069,6/25/2015,"14,29,36,38,39,41",20
3068,6/22/2015,"3,18,22,33,47,49",9
3067,6/18/2015,"5,20,28,35,39,46",15
3066,6/15/2015,"9,21,26,27,29,48",20
3065,6/11/2015,"7,11,13,16,38,46",41
3064,6/8/2015,"20,31,35,38,42,49",46
3063,6/4/2015,"3,6,8,14,18,41",31
3062,6/1/2015,"5,9,14,29,32,36",28
3061,5/28/2015,"5,13,20,26,31,38",6
3060,5/25/2015,"13,17,19,24,26,43",25
3059,5/21/2015,"6,20,22,35,36,41",8
3058,5/18/2015,"17,23,32,33,41,45",15
3057,5/14/2015,"8,17,19,45,47,48",14
3056,5/11/2015,"3,6,7,20,21,23",33
3055,5/7/2015,"8,10,17,24,32,43",26
3054,5/4/2015,"6,11,17,22,25,36",42
3053,4/30/2015,"18,19,28,37,46,48",4
3052,4/27/2015,"2,14,30,31,46,47",12
3051,4/23/2015,"1,9,15,28,42,45",40
3050,4/20/2015,"9,16,17,25,27,36",7
3049,4/16/2015,"3,4,18,32,35,48",6
3048,4/13/2015,"6,13,31,32,40,43",3
3047,4/9/2015,"6,12,21,24,25,43",29
3046,4/6/2015,"3,18,21,42,45,49",25
3045,4/2/2015,"11,19,22,29,42,46",2
3044,3/30/2015,"11,12,30,38,45,47",6
3043,3/26/2015,"5,21,30,33,39,47",43
3042,3/23/2015,"1,5,14,23,40,49",33
3041,3/19/2015,"3,15,26,29,38,45",49
3040,3/16/2015,"7,10,19,41,43,45",31
3039,3/12/2015,"14,15,19,20,36,47",10
3038,3/9/2015,"9,11,38,39,44,47",3
3037,3/5/2015,"5,10,11,38,44,47",20
3036,3/2/2015,"7,12,24,27,35,44",20
3035,2/27/2015,"2,13,19,28,41,42",14
3034,2/23/2015,"1,5,14,18,24,26",29
3033,2/19/2015,"2,17,22,36,37,45",23
3032,2/16/2015,"19,22,33,36,37,46",8
3031,2/12/2015,"12,13,26,32,42,47",39
3030,2/9/2015,"4,15,22,31,32,36",6
3029,2/5/2015,"8,10,25,31,45,48",2
3028,2/2/2015,"8,18,20,29,39,41",38
3027,1/29/2015,"6,15,38,40,45,49",27
3026,1/26/2015,"6,23,24,30,36,46",31
3025,1/22/2015,"5,12,26,31,40,47",25
3024,1/19/2015,"21,24,25,31,33,36",13
3023,1/15/2015,"2,3,9,16,33,37",46
3022,1/12/2015,"25,32,41,43,47,48",7
3021,1/8/2015,"5,7,9,15,34,38",21
3020,1/5/2015,"1,22,27,34,35,37",20
3019,1/1/2015,"1,4,18,31,48,49",21
3018,12/29/2014,"1,4,27,42,44,47",18
3017,12/25/2014,"1,5,15,24,25,42",46
3016,12/22/2014,"5,10,19,32,38,44",12
3015,12/18/2014,"9,11,13,21,27,30",42
3014,12/15/2014,"5,12,16,22,26,46",23
3013,12/11/2014,"19,26,33,37,38,40",12
3012,12/8/2014,"17,21,28,29,39,47",46
3011,12/4/2014,"10,17,24,31,37,40",35
3010,12/1/2014,"1,6,7,23,30,45",16
3009,11/27/2014,"5,9,18,28,44,49",24
3008,11/24/2014,"4,6,14,20,36,43",35
3007,11/20/2014,"2,3,5,19,25,36",16
3006,11/17/2014,"2,10,11,15,40,46",8
3005,11/13/2014,"9,15,17,23,27,49",3
3004,11/10/2014,"2,16,19,29,33,42",34
3003,11/6/2014,"2,22,24,38,46,47",9
3002,11/3/2014,"31,32,38,39,40,47",7
3001,10/30/2014,"12,19,26,42,45,46",23
3000,10/27/2014,"5,20,27,38,42,44",41
2999,10/23/2014,"5,22,25,28,33,34",32
2998,10/20/2014,"8,11,17,21,41,49",35
2997,10/16/2014,"4,9,31,34,40,44",35
2996,10/13/2014,"19,28,31,43,45,48",41
2995,10/9/2014,"11,12,25,28,34,47",15
2994,10/6/2014,"5,12,13,25,33,34",45
2993,10/2/2014,"1,6,26,40,41,45",10
2992,9/29/2014,"8,13,21,22,28,37",12
2991,9/25/2014,"12,15,21,26,29,36",7
2990,9/22/2014,"9,17,18,27,29,36",31
2989,9/18/2014,"2,6,10,20,21,23",42
2988,9/15/2014,"5,6,14,22,30,39",18
2987,9/11/2014,"2,13,18,19,33,36",23
2986,9/8/2014,"3,14,22,30,37,42",41
2985,9/4/2014,"15,16,17,27,31,42",30
2984,9/1/2014,"4,9,32,37,40,44",10
2983,8/28/2014,"13,19,20,24,39,43",17
2982,8/25/2014,"10,11,14,20,40,42",8
2981,8/21/2014,"3,4,16,18,19,42",13
2980,8/18/2014,"16,18,19,21,37,39",32
2979,8/14/2014,"15,16,19,32,34,44",41
2978,8/11/2014,"1,7,9,24,25,31",28
2977,8/7/2014,"3,4,8,17,19,33",9
2976,8/4/2014,"3,7,18,30,37,44",17
2975,8/1/2014,"3,17,37,40,41,42",15
2974,7/28/2014,"11,12,16,22,23,27",10
2973,7/24/2014,"1,5,16,34,38,45",13
2972,7/21/2014,"21,22,25,32,33,36",40
2971,7/17/2014,"6,11,20,28,35,38",34
2970,7/14/2014,"2,3,6,19,23,24",31
2969,7/10/2014,"5,11,16,32,37,43",15
2968,7/7/2014,"9,21,29,38,44,45",10
2967,7/3/2014,"8,24,26,28,40,43",29
2966,6/30/2014,"2,9,11,12,22,37",26
2965,6/26/2014,"17,25,29,34,39,44",38
2964,6/23/2014,"4,29,30,35,37,38",10
2963,6/19/2014,"4,7,11,27,39,43",37
2962,6/16/2014,"1,19,22,31,34,44",43
2961,6/12/2014,"8,13,29,31,39,40",21
2960,6/9/2014,"10,12,14,26,33,40",6
2959,6/5/2014,"11,13,18,19,20,36",15
2958,6/2/2014,"9,19,23,35,39,45",41
2957,5/29/2014,"17,19,38,40,41,42",28
2956,5/26/2014,"8,10,14,17,34,37",32
2955,5/23/2014,"1,7,13,24,28,38",32
2954,5/19/2014,"5,8,18,31,32,42",34
2953,5/15/2014,"5,8,21,26,27,43",15
2952,5/12/2014,"2,3,9,23,28,43",41
2951,5/8/2014,"1,11,18,32,34,41",45
2950,5/5/2014,"4,7,15,27,37,42",3
2949,5/1/2014,"6,10,11,13,29,45",23
2948,4/28/2014,"4,6,13,17,32,35",11
2947,4/24/2014,"5,8,20,27,39,40",42
2946,4/21/2014,"3,7,10,21,32,38",22
2945,4/17/2014,"8,11,16,21,33,40",5
2944,4/14/2014,"15,18,21,27,32,45",11
2943,4/10/2014,"14,18,19,34,35,36",17
2942,4/7/2014,"5,12,20,25,26,39",1
2941,4/3/2014,"10,11,17,19,27,37",24
2940,3/31/2014,"5,10,11,23,41,43",24
2939,3/27/2014,"5,8,9,15,16,21",26
2938,3/24/2014,"1,4,10,16,36,42",44
2937,3/20/2014,"3,7,11,21,25,33",39
2936,3/17/2014,"1,8,14,28,32,38",5
2935,3/13/2014,"3,7,20,36,39,45",6
2934,3/10/2014,"13,15,21,29,31,33",5
2933,3/6/2014,"4,7,8,24,29,42",26
2932,3/3/2014,"2,4,18,29,30,44",21
2931,2/27/2014,"13,33,37,40,41,44",10
2930,2/24/2014,"5,13,15,16,21,28",34
2929,2/20/2014,"14,15,20,23,33,44",34
2928,2/17/2014,"1,4,5,12,30,45",9
2927,2/14/2014,"4,6,12,20,29,35",31
2926,2/10/2014,"4,10,15,17,22,31",11
2925,2/6/2014,"5,14,22,27,40,43",4
2924,2/3/2014,"6,14,22,31,36,44",32
2923,1/30/2014,"5,12,20,32,37,38",26
2922,1/27/2014,"6,24,27,29,40,43",4
2921,1/24/2014,"2,8,11,16,36,43",19
2920,1/20/2014,"1,12,27,32,33,36",26
2919,1/16/2014,"26,27,34,39,41,45",28
2918,1/13/2014,"3,25,33,36,42,45",10
2917,1/9/2014,"4,7,8,33,36,43",9
2916,1/6/2014,"10,17,27,28,42,45",23
2915,1/3/2014,"10,11,31,37,39,43",22
2914,12/30/2013,"14,17,27,28,32,36",41
2913,12/26/2013,"2,18,20,38,43,44",28
2912,12/23/2013,"3,5,9,23,25,31",14
2911,12/19/2013,"8,11,15,27,32,43",6
2910,12/16/2013,"14,17,25,27,28,40",9
2909,12/12/2013,"3,5,23,31,34,39",17
2908,12/9/2013,"2,8,15,22,23,25",16
2907,12/5/2013,"15,20,23,40,42,44",22
2906,12/2/2013,"1,13,16,22,27,33",38
2905,11/28/2013,"15,20,21,28,35,43",39
2904,11/25/2013,"4,17,24,28,41,42",43
2903,11/21/2013,"8,9,12,18,22,32",6
2902,11/18/2013,"5,7,13,19,22,45",18
2901,11/14/2013,"1,5,9,28,30,39",16
2900,11/11/2013,"8,13,16,26,29,42",40
2899,11/7/2013,"4,16,18,24,28,29",45
2898,11/4/2013,"15,21,24,34,37,44",29
2897,10/31/2013,"2,6,10,27,31,34",20
2896,10/28/2013,"1,11,22,28,31,32",8
2895,10/24/2013,"1,16,31,38,39,45",8
2894,10/21/2013,"2,7,11,19,42,45",3
2893,10/17/2013,"12,16,28,30,31,42",36
2892,10/14/2013,"1,6,11,23,37,44",19
2891,10/10/2013,"12,13,17,25,34,44",29
2890,10/7/2013,"8,22,32,36,39,44",4
2889,10/3/2013,"2,19,21,24,25,41",29
2888,9/30/2013,"4,12,25,26,36,40",39
2887,9/26/2013,"6,14,15,27,31,32",16
2886,9/23/2013,"1,16,18,21,36,41",7
2885,9/19/2013,"3,7,9,14,19,35",20
2884,9/16/2013,"1,11,13,15,21,22",33
2883,9/12/2013,"2,5,9,17,31,44",4
2882,9/9/2013,"6,8,23,28,41,44",24
2881,9/5/2013,"8,19,20,27,41,45",21
2880,9/2/2013,"7,21,29,31,41,45",9
2879,8/29/2013,"7,8,13,14,28,44",16
2878,8/26/2013,"4,7,11,22,29,38",6
2877,8/22/2013,"15,16,30,34,38,42",1
2876,8/19/2013,"14,19,26,30,41,45",38
2875,8/15/2013,"6,7,19,26,31,33",35
2874,8/12/2013,"10,12,14,28,36,40",34
2873,8/8/2013,"18,25,27,33,42,43",23
2872,8/5/2013,"1,11,24,31,32,36",38
2871,8/2/2013,"9,26,33,36,38,42",1
2870,7/29/2013,"9,12,22,23,31,37",17
2869,7/25/2013,"1,11,25,39,41,44",2
2868,7/22/2013,"15,19,23,31,40,45",34
2867,7/18/2013,"6,25,28,43,44,45",42
2866,7/15/2013,"10,11,19,22,34,45",31
2865,7/11/2013,"9,10,14,15,18,42",31
2864,7/8/2013,"9,14,18,20,32,34",45
2863,7/4/2013,"7,23,27,35,41,43",29
2862,7/1/2013,"2,12,15,28,35,38",41
2861,6/27/2013,"12,19,21,22,26,29",39
2860,6/24/2013,"15,17,32,36,37,42",44
2859,6/20/2013,"4,5,11,26,37,45",39
2858,6/17/2013,"5,16,30,32,33,41",14
2857,6/13/2013,"7,11,25,36,37,38",35
2856,6/10/2013,"11,13,23,29,31,38",21
2855,6/6/2013,"11,14,16,30,32,34",19
2854,6/3/2013,"2,16,18,19,25,38",23
2853,5/30/2013,"4,9,26,27,37,44",12
2852,5/27/2013,"9,13,18,19,23,28",1
2851,5/23/2013,"7,13,17,19,20,26",5
2850,5/20/2013,"1,7,10,23,25,35",18
2849,5/17/2013,"8,14,22,30,34,41",1
2848,5/13/2013,"1,5,7,24,27,45",3
2847,5/9/2013,"2,12,22,24,31,34",10
2846,5/6/2013,"4,9,14,19,22,34",35
2845,5/2/2013,"1,12,20,22,31,43",27
2844,4/29/2013,"4,15,17,19,22,23",26
2843,4/25/2013,"3,12,17,27,28,43",45
2842,4/22/2013,"6,11,22,31,36,41",5
2841,4/18/2013,"1,11,13,24,26,44",5
2840,4/15/2013,"10,26,27,32,38,42",11
2839,4/11/2013,"2,3,15,27,41,45",17
2838,4/8/2013,"12,20,28,31,32,40",27
2837,4/4/2013,"16,19,22,27,36,39",12
2836,4/1/2013,"8,10,15,21,28,40",26
2835,3/28/2013,"24,30,33,35,37,38",17
2834,3/25/2013,"22,23,38,41,44,45",39
2833,3/21/2013,"3,31,35,36,38,45",29
2832,3/18/2013,"2,6,8,23,27,39",4
2831,3/14/2013,"8,9,13,16,22,43",24
2830,3/11/2013,"2,3,14,15,33,40",45
2829,3/7/2013,"16,20,22,25,26,27",18
2828,3/4/2013,"1,11,14,20,23,36",27
2827,2/28/2013,"1,10,15,34,38,41",25
2826,2/25/2013,"5,6,10,21,26,37",1
2825,2/22/2013,"16,18,23,25,29,34",26
2824,2/18/2013,"4,8,14,24,31,35",45
2823,2/14/2013,"6,25,28,31,38,44",23
2822,2/11/2013,"1,4,15,18,33,42",38
2821,2/8/2013,"8,10,11,25,27,43",2
2820,2/4/2013,"7,9,16,24,39,40",18
2819,1/31/2013,"3,5,36,37,42,43",17
2818,1/28/2013,"22,23,27,29,32,38",16
2817,1/24/2013,"11,20,24,38,39,44",17
2816,1/21/2013,"3,4,6,29,33,35",41
2815,1/17/2013,"7,10,24,26,27,31",20
2814,1/14/2013,"13,23,30,36,40,43",41
2813,1/10/2013,"4,21,26,38,41,43",16
2812,1/7/2013,"11,12,16,22,26,38",31
2811,1/3/2013,"19,30,35,42,44,45",1
2810,12/31/2012,"4,14,25,34,42,45",17
2809,12/27/2012,"17,20,22,30,36,37",16
2808,12/24/2012,"7,10,11,12,16,42",8
2807,12/20/2012,"18,22,25,26,42,44",5
2806,12/17/2012,"9,20,24,26,40,44",22
2805,12/13/2012,"8,12,15,26,33,42",2
2804,12/10/2012,"15,19,24,29,31,42",3
2803,12/6/2012,"3,6,10,13,23,27",17
2802,12/3/2012,"14,22,27,31,33,34",1
2801,11/29/2012,"4,7,9,10,23,30",42
2800,11/26/2012,"2,12,17,29,34,39",23
2799,11/22/2012,"1,3,13,22,24,42",41
2798,11/19/2012,"11,15,22,30,32,33",19
2797,11/15/2012,"13,20,21,30,40,42",29
2796,11/12/2012,"9,14,18,19,25,33",32
2795,11/8/2012,"3,7,19,38,41,43",12
2794,11/5/2012,"4,9,13,17,20,29",40
2793,11/1/2012,"10,13,15,27,34,41",31
2792,10/29/2012,"14,15,21,24,25,36",42
2791,10/25/2012,"9,17,21,28,37,40",30
2790,10/22/2012,"12,14,18,23,28,41",1
2789,10/18/2012,"2,5,22,26,34,36",6
2788,10/15/2012,"1,17,31,37,38,45",26
2787,10/11/2012,"5,6,22,25,27,33",17
2786,10/8/2012,"11,14,17,18,27,32",35
2785,10/4/2012,"6,13,30,33,38,41",43
2784,10/1/2012,"3,7,8,16,21,24",26
2783,9/27/2012,"9,11,30,38,39,43",40
2782,9/24/2012,"5,7,10,34,36,37",32
2781,9/20/2012,"13,20,22,25,33,37",41
2780,9/17/2012,"8,21,32,35,39,43",18
2779,9/13/2012,"3,14,17,22,31,44",9
2778,9/10/2012,"5,8,12,27,35,39",17
2777,9/6/2012,"4,7,9,11,21,45",27
2776,9/3/2012,"6,23,31,35,37,39",8
2775,8/30/2012,"7,30,37,42,44,45",31
2774,8/27/2012,"7,9,10,19,22,42",32
2773,8/23/2012,"6,22,24,25,31,37",29
2772,8/20/2012,"10,20,26,28,41,44",15
2771,8/16/2012,"4,11,17,22,26,32",10
2770,8/13/2012,"20,27,32,40,41,44",22
2769,8/9/2012,"1,4,6,12,25,41",16
2768,8/6/2012,"10,15,22,28,30,40",25
2767,8/2/2012,"4,8,12,15,23,27",26
2766,7/30/2012,"11,28,32,37,43,45",13
2765,7/26/2012,"1,8,22,25,32,36",34
2764,7/23/2012,"1,4,21,23,39,44",42
2763,7/20/2012,"4,31,33,37,39,45",41
2762,7/16/2012,"5,12,17,18,33,40",15
2761,7/12/2012,"2,3,19,21,23,45",25
2760,7/9/2012,"9,16,22,26,33,45",43
2759,7/5/2012,"29,33,34,37,42,44",17
2758,7/2/2012,"7,10,12,29,35,38",8
2757,6/28/2012,"12,15,16,21,25,26",8
2756,6/25/2012,"8,18,19,30,31,38",14
2755,6/21/2012,"6,8,10,14,18,21",43
2754,6/18/2012,"1,2,8,9,16,33",12
2753,6/14/2012,"16,17,25,27,28,35",45
2752,6/11/2012,"1,3,9,11,35,38",6
2751,6/7/2012,"5,8,19,20,23,30",16
2750,6/4/2012,"11,12,17,20,40,41",10
2749,5/31/2012,"7,13,15,19,38,43",14
2748,5/28/2012,"5,8,17,22,35,43",1
2747,5/24/2012,"13,22,30,31,34,38",6
2746,5/21/2012,"4,7,27,34,36,42",11
2745,5/18/2012,"9,17,18,32,33,44",4
2744,5/14/2012,"8,14,22,24,29,41",43
2743,5/10/2012,"8,9,11,20,22,38",5
2742,5/7/2012,"8,12,28,29,32,42",24
2741,5/3/2012,"2,3,9,13,14,39",8
2740,4/30/2012,"5,15,29,36,37,45",25
2739,4/26/2012,"4,9,14,26,30,43",12
2738,4/23/2012,"1,9,10,15,17,34",19
2737,4/19/2012,"9,15,18,21,26,30",39
2736,4/16/2012,"1,11,27,37,43,44",12
2735,4/12/2012,"22,31,34,36,38,39",43
2734,4/9/2012,"1,2,19,24,42,45",32
2733,4/5/2012,"12,13,17,36,43,44",41
2732,4/2/2012,"1,18,21,31,42,44",28
2731,3/29/2012,"1,19,33,36,37,40",5
2730,3/26/2012,"2,4,5,15,30,40",1
2729,3/22/2012,"7,12,21,34,39,42",14
2728,3/19/2012,"6,8,13,19,23,29",44
2727,3/15/2012,"2,8,15,21,27,35",7
2726,3/12/2012,"1,11,20,25,26,36",33
2725,3/8/2012,"5,11,38,39,41,45",1
2724,3/5/2012,"8,13,17,25,27,29",11
2723,3/1/2012,"11,12,17,23,30,31",41
2722,2/27/2012,"9,14,17,32,33,45",7
2721,2/23/2012,"12,20,25,38,43,44",15
2720,2/20/2012,"2,17,20,33,36,37",42
2719,2/16/2012,"12,13,20,21,24,35",30
2718,2/13/2012,"4,7,9,17,18,23",33
2717,2/9/2012,"8,9,12,31,44,45",23
2716,2/6/2012,"3,4,5,9,24,29",7
2715,2/3/2012,"3,19,21,27,33,34",8
2714,1/30/2012,"14,17,32,33,38,41",27
2713,1/26/2012,"4,5,15,16,34,40",14
2712,1/23/2012,"5,15,17,29,31,33",32
2711,1/20/2012,"7,18,26,41,43,44",45
2710,1/16/2012,"14,27,28,29,36,40",19
2709,1/12/2012,"4,16,18,22,23,43",25
2708,1/9/2012,"9,12,21,22,28,43",33
2707,1/5/2012,"5,7,15,24,27,33",45
2706,1/2/2012,"3,20,30,36,37,43",22
2705,12/29/2011,"13,17,21,22,24,45",26
2704,12/26/2011,"1,3,13,36,41,42",37
2703,12/22/2011,"7,9,26,33,39,40",30
2702,12/19/2011,"3,10,37,38,40,41",21
2701,12/15/2011,"4,6,15,16,20,36",35
2700,12/12/2011,"2,10,20,28,33,35",16
2699,12/8/2011,"3,5,7,17,41,45",30
2698,12/5/2011,"4,10,21,22,27,32",44
2697,12/1/2011,"5,7,27,36,38,44",15
2696,11/28/2011,"7,19,20,24,33,36",6
2695,11/24/2011,"13,20,32,41,43,44",21
2694,11/21/2011,"6,13,17,26,36,39",7
2693,11/17/2011,"12,19,23,30,36,41",10
2692,11/14/2011,"1,4,11,34,35,43",41
2691,11/10/2011,"11,18,27,30,34,44",12
2690,11/7/2011,"12,13,19,20,27,28",40
2689,11/3/2011,"8,12,24,39,40,41",23
2688,10/31/2011,"4,7,18,23,24,35",33
2687,10/27/2011,"12,18,27,28,32,42",26
2686,10/24/2011,"4,24,27,37,40,42",22
2685,10/20/2011,"5,7,21,35,38,45",24
2684,10/17/2011,"9,23,24,28,31,33",20
2683,10/13/2011,"16,20,21,28,32,36",26
2682,10/10/2011,"5,11,15,19,34,35",41
2681,10/6/2011,"1,13,19,21,23,37",10
2680,10/3/2011,"1,18,31,32,36,43",16
2679,9/29/2011,"7,11,12,16,34,41",38
2678,9/26/2011,"8,15,17,21,33,37",18
2677,9/22/2011,"2,11,21,36,37,44",24
2676,9/19/2011,"2,9,13,17,29,44",27
2675,9/15/2011,"7,8,15,23,27,36",16
2674,9/12/2011,"6,9,17,20,24,26",28
2673,9/9/2011,"2,5,14,24,28,36",18
2672,9/5/2011,"1,6,18,27,29,44",3
2671,9/1/2011,"3,13,17,28,44,45",9
2670,8/29/2011,"10,11,12,16,36,38",39
2669,8/25/2011,"1,5,7,10,22,26",15
2668,8/22/2011,"2,25,34,35,37,43",8
2667,8/18/2011,"3,7,18,26,29,30",43
2666,8/15/2011,"3,7,27,30,41,45",9
2665,8/11/2011,"1,13,22,23,24,36",12
2664,8/8/2011,"1,6,8,29,31,36",26
2663,8/4/2011,"1,13,26,34,42,45",7
2662,8/1/2011,"17,20,21,22,24,30",16
2661,7/28/2011,"4,9,16,23,33,38",39
2660,7/25/2011,"11,20,23,32,39,42",19
2659,7/22/2011,"11,12,17,25,27,32",42
2658,7/18/2011,"6,14,19,20,28,39",16
2657,7/14/2011,"9,10,17,23,29,45",15
2656,7/11/2011,"4,9,18,19,41,44",23
2655,7/7/2011,"35,36,40,41,43,44",32
2654,7/4/2011,"11,13,19,33,37,42",17
2653,6/30/2011,"4,17,30,39,43,45",19
2652,6/27/2011,"10,13,18,27,33,44",38
2651,6/23/2011,"3,4,7,17,21,39",12
2650,6/20/2011,"2,11,14,22,32,40",42
2649,6/16/2011,"10,17,29,30,40,42",26
2648,6/13/2011,"17,18,24,27,41,43",12
2647,6/9/2011,"8,9,17,28,29,31",26
2646,6/6/2011,"2,8,13,21,28,37",24
2645,6/2/2011,"1,2,3,15,31,42",10
2644,5/30/2011,"14,17,19,28,37,44",7
2643,5/26/2011,"2,5,6,14,40,44",28
2642,5/23/2011,"1,12,14,21,26,37",17
2641,5/19/2011,"6,22,23,26,27,31",3
2640,5/16/2011,"16,18,22,27,35,36",11
2639,5/12/2011,"7,19,23,26,29,31",38
2638,5/9/2011,"6,14,16,19,39,42",26
2637,5/5/2011,"10,26,29,34,35,41",22
2636,5/2/2011,"3,12,15,28,29,41",4
2635,4/28/2011,"12,13,16,21,28,39",2
2634,4/25/2011,"2,21,23,25,27,44",43
2633,4/21/2011,"24,25,32,38,39,43",2
2632,4/18/2011,"2,7,10,16,29,32",18
2631,4/14/2011,"6,10,17,29,33,44",9
2630,4/11/2011,"9,15,27,28,30,40",12
2629,4/7/2011,"16,22,23,25,28,43",37
2628,4/4/2011,"3,4,9,22,35,45",44
2627,3/31/2011,"3,9,13,14,27,34",7
2626,3/28/2011,"11,16,23,29,30,35",40
2625,3/24/2011,"7,17,23,24,26,28",18
2624,3/21/2011,"7,29,31,32,38,45",3
2623,3/17/2011,"2,5,22,29,33,36",4
2622,3/14/2011,"22,23,24,32,35,38",2
2621,3/10/2011,"8,19,22,24,39,40",2
2620,3/7/2011,"16,17,19,28,36,41",8
2619,3/3/2011,"1,6,10,31,32,45",43
2618,2/28/2011,"8,9,11,30,41,43",36
2617,2/24/2011,"7,10,13,17,36,45",16
2616,2/21/2011,"6,7,16,20,28,30",26
2615,2/18/2011,"18,20,27,34,35,41",1
2614,2/14/2011,"1,13,16,30,38,39",24
2613,2/10/2011,"6,9,18,26,37,38",8
2612,2/7/2011,"3,4,12,24,26,44",1
2611,2/3/2011,"2,4,13,24,26,39",14
2610,1/31/2011,"6,9,19,22,39,43",27
2609,1/28/2011,"5,17,18,20,24,38",7
2608,1/24/2011,"9,15,23,28,32,40",41
2607,1/20/2011,"11,14,15,23,24,28",2
2606,1/17/2011,"17,22,32,36,41,45",4
2605,1/13/2011,"6,7,23,34,36,41",10
2604,1/10/2011,"4,9,20,27,28,29",16
2603,1/6/2011,"9,12,25,30,31,34",27
2602,1/3/2011,"5,6,18,21,23,30",37
2601,12/30/2010,"6,10,15,21,22,32",30
2600,12/27/2010,"4,7,9,11,14,20",16
2599,12/23/2010,"10,11,15,21,39,44",38
2598,12/20/2010,"6,13,20,30,31,32",5
2597,12/16/2010,"6,30,35,36,41,45",26
2596,12/13/2010,"6,12,17,27,34,43",9
2595,12/9/2010,"11,26,30,32,41,43",40
2594,12/6/2010,"1,6,11,20,24,34",2
2593,12/2/2010,"4,7,24,25,35,36",13
2592,11/29/2010,"11,13,17,23,39,40",4
2591,11/25/2010,"9,11,14,23,33,35",15
2590,11/22/2010,"8,12,13,21,27,38",45
2589,11/18/2010,"3,7,10,31,36,43",25
2588,11/15/2010,"3,8,29,32,35,39",24
2587,11/11/2010,"10,20,27,34,39,45",25
2586,11/8/2010,"13,17,18,20,34,39",14
2585,11/4/2010,"6,9,11,17,41,43",27
2584,11/1/2010,"18,19,21,27,30,34",37
2583,10/28/2010,"2,13,22,32,33,38",1
2582,10/25/2010,"2,7,9,18,31,45",4
2581,10/21/2010,"7,15,17,18,25,27",2
2580,10/18/2010,"3,9,11,28,36,42",10
2579,10/14/2010,"8,14,25,31,40,41",29
2578,10/11/2010,"2,5,18,23,24,36",17
2577,10/7/2010,"9,17,22,23,35,41",44
2576,10/4/2010,"7,10,13,16,18,19",35
2575,9/30/2010,"8,16,17,25,26,43",45
2574,9/27/2010,"1,16,32,34,35,42",22
2573,9/23/2010,"1,3,11,13,19,37",29
2572,9/20/2010,"10,23,28,34,38,42",32
2571,9/16/2010,"1,3,17,24,29,45",8
2570,9/13/2010,"3,6,15,25,28,43",44
2569,9/9/2010,"2,18,21,22,32,40",34
2568,9/6/2010,"7,12,13,22,28,29",16
2567,9/2/2010,"7,12,17,18,25,27",1
2566,8/30/2010,"12,16,21,29,34,40",38
2565,8/26/2010,"3,28,32,34,43,45",37
2564,8/23/2010,"7,9,29,37,40,43",11
2563,8/19/2010,"8,19,30,31,33,43",32
2562,8/16/2010,"4,12,13,15,29,43",41
2561,8/12/2010,"5,12,23,26,29,31",19
2560,8/9/2010,"11,15,16,36,38,43",40
2559,8/5/2010,"6,10,12,22,23,40",25
2558,8/2/2010,"2,4,7,10,29,43",25
2557,7/29/2010,"6,7,11,23,42,44",38
2556,7/26/2010,"7,9,21,28,30,41",37
2555,7/23/2010,"12,14,16,23,29,40",21
2554,7/19/2010,"3,4,5,10,19,35",9
2553,7/15/2010,"10,17,20,23,25,31",33
2552,7/12/2010,"3,4,14,18,26,42",33
2551,7/8/2010,"3,6,9,23,38,39",14
2550,7/5/2010,"7,10,29,30,34,41",17
2549,7/1/2010,"14,22,25,36,43,44",29
2548,6/28/2010,"5,8,17,27,32,34",22
2547,6/24/2010,"2,4,13,22,25,39",1
2546,6/21/2010,"10,14,16,19,37,41",1
2545,6/17/2010,"13,14,15,20,38,45",35
2544,6/14/2010,"7,13,14,15,18,44",28
2543,6/10/2010,"20,31,35,40,43,44",17
2542,6/7/2010,"1,8,13,17,22,33",25
2541,6/3/2010,"18,24,26,30,32,33",3
2540,5/31/2010,"6,7,9,12,13,44",28
2539,5/27/2010,"1,5,11,12,33,38",20
2538,5/24/2010,"8,19,22,23,28,33",13
2537,5/20/2010,"8,12,27,31,36,40",30
2536,5/17/2010,"6,16,22,23,31,33",20
2535,5/14/2010,"5,12,23,37,38,43",41
2534,5/10/2010,"1,12,16,18,34,36",41
2533,5/6/2010,"4,8,33,42,44,45",19
2532,5/3/2010,"1,6,19,25,42,45",8
2531,4/29/2010,"12,20,23,30,31,41",38
2530,4/26/2010,"7,14,23,32,36,44",31
2529,4/22/2010,"9,26,30,31,35,43",45
2528,4/19/2010,"9,23,32,38,39,43",1
2527,4/15/2010,"12,13,23,26,38,43",25
2526,4/12/2010,"5,10,28,33,36,39",16
2525,4/8/2010,"5,9,14,22,24,29",26
2524,4/5/2010,"9,13,21,31,37,39",3
2523,4/1/2010,"4,5,6,18,28,30",21
2522,3/29/2010,"2,18,30,41,43,44",14
2521,3/25/2010,"10,13,24,29,33,42",31
2520,3/22/2010,"9,12,16,23,29,31",10
2519,3/18/2010,"1,4,6,30,31,32",8
2518,3/15/2010,"7,28,31,32,39,42",9
2517,3/11/2010,"6,10,11,13,15,42",33
2516,3/8/2010,"3,13,21,22,24,36",40
2515,3/4/2010,"4,14,23,27,43,45",24
2514,3/1/2010,"23,25,27,31,40,42",20
2513,2/26/2010,"4,17,22,26,34,37",43
2512,2/22/2010,"9,18,25,37,40,43",30
2511,2/18/2010,"6,9,29,30,31,37",26
2510,2/15/2010,"4,24,28,29,35,42",34
2509,2/11/2010,"1,2,14,31,42,43",3
2508,2/8/2010,"9,14,15,27,29,32",12
2507,2/4/2010,"24,28,29,32,39,44",12
2506,2/1/2010,"3,5,15,23,32,42",30
2505,1/28/2010,"6,8,11,18,21,30",41
2504,1/25/2010,"1,8,14,17,36,42",15
2503,1/21/2010,"15,17,20,38,39,44",6
2502,1/18/2010,"1,16,22,24,25,36",13
2501,1/14/2010,"3,26,31,34,36,41",42
2500,1/11/2010,"6,26,29,30,39,41",12
2499,1/7/2010,"5,6,22,34,42,45",35
2498,1/4/2010,"11,16,20,27,30,41",26
2497,12/31/2009,"7,8,35,36,39,44",37
2496,12/28/2009,"9,24,33,36,37,40",44
2495,12/24/2009,"5,9,11,26,27,29",2
2494,12/21/2009,"4,8,16,17,38,42",12
2493,12/17/2009,"3,7,11,31,34,41",22
2492,12/14/2009,"2,8,14,20,21,37",3
2491,12/10/2009,"8,10,13,21,25,45",26
2490,12/7/2009,"4,13,22,27,39,45",21
2489,12/3/2009,"1,8,10,12,13,14",15
2488,11/30/2009,"1,17,22,35,44,45",36
2487,11/26/2009,"5,11,12,17,20,30",43
2486,11/23/2009,"1,20,21,22,29,30",38
2485,11/19/2009,"10,22,33,37,44,45",15
2484,11/16/2009,"20,24,31,33,34,41",25
2483,11/12/2009,"16,20,26,29,40,41",18
2482,11/9/2009,"6,7,18,28,32,35",42
2481,11/5/2009,"5,13,23,25,27,37",4
2480,11/2/2009,"16,22,23,31,37,39",18
2479,10/29/2009,"1,6,25,28,29,32",24
2478,10/26/2009,"2,19,23,28,29,32",25
2477,10/22/2009,"13,31,34,35,40,43",1
2476,10/19/2009,"5,21,22,34,36,41",9
2475,10/15/2009,"7,22,23,36,37,45",31
2474,10/12/2009,"1,16,20,22,27,31",38
2473,10/8/2009,"11,13,18,21,30,31",34
2472,10/5/2009,"10,14,21,30,39,44",8
2471,10/1/2009,"7,10,31,33,43,45",22
2470,9/28/2009,"4,6,16,21,40,45",10
2469,9/25/2009,"2,4,22,29,31,39",37
2468,9/21/2009,"3,8,12,19,34,40",22
2467,9/17/2009,"1,8,10,29,36,38",34
2466,9/14/2009,"2,10,12,18,21,39",35
2465,9/10/2009,"2,25,29,36,37,40",19
2464,9/7/2009,"1,5,15,33,34,37",28
2463,9/3/2009,"2,6,25,30,31,33",44
2462,8/31/2009,"2,10,17,27,40,42",11
2461,8/27/2009,"6,7,9,19,32,41",8
2460,8/24/2009,"6,7,8,10,12,13",26
2459,8/20/2009,"3,10,12,13,16,29",17
2458,8/17/2009,"1,13,22,29,43,45",17
2457,8/13/2009,"1,23,37,38,39,42",40
2456,8/10/2009,"15,20,22,23,29,33",28
2455,8/6/2009,"1,6,7,8,19,31",33
2454,8/3/2009,"11,21,23,31,33,44",6
2453,7/30/2009,"1,8,12,22,24,35",45
2452,7/27/2009,"4,11,32,36,39,42",12
2451,7/23/2009,"15,24,25,32,33,44",29
2450,7/20/2009,"12,26,28,37,38,39",1
2449,7/16/2009,"10,20,30,31,39,45",6
2448,7/13/2009,"25,26,32,36,42,43",3
2447,7/9/2009,"11,13,21,32,35,44",18
2446,7/6/2009,"14,16,17,29,32,34",45
2445,7/2/2009,"1,3,5,14,15,25",16
2444,6/29/2009,"7,10,22,24,29,30",4
2443,6/25/2009,"5,18,23,34,37,40",12
2442,6/22/2009,"5,11,16,19,28,31",14
2441,6/18/2009,"21,22,23,29,34,36",20
2440,6/15/2009,"1,20,23,27,35,41",5
2439,6/11/2009,"2,16,23,35,40,42",17
2438,6/8/2009,"10,12,17,24,40,42",7
2437,6/4/2009,"3,22,24,28,29,32",37
2436,6/1/2009,"4,24,26,30,31,38",41
2435,5/28/2009,"2,4,19,21,22,31",8
2434,5/25/2009,"7,8,21,26,30,45",15
2433,5/22/2009,"12,16,23,24,30,31",25
2432,5/18/2009,"13,16,27,31,35,45",32
2431,5/14/2009,"9,12,17,28,29,30",32
2430,5/11/2009,"3,11,14,24,26,37",33
2429,5/7/2009,"5,17,29,31,42,45",10
2428,5/4/2009,"2,3,4,13,16,42",35
2427,4/30/2009,"9,15,18,29,41,43",1
2426,4/27/2009,"8,20,30,31,37,38",9
2425,4/23/2009,"4,18,27,30,32,42",15
2424,4/20/2009,"4,15,18,20,41,43",17
2423,4/16/2009,"7,16,18,31,34,42",10
2422,4/13/2009,"17,18,23,24,29,30",38
2421,4/9/2009,"20,26,34,36,37,39",29
2420,4/6/2009,"7,15,26,28,34,40",19
2419,4/2/2009,"17,20,22,31,34,45",6
2418,3/30/2009,"4,6,20,21,32,44",18
2417,3/26/2009,"14,21,23,32,36,40",8
2416,3/23/2009,"8,14,20,30,38,45",17
2415,3/19/2009,"16,26,29,31,40,44",14
2414,3/16/2009,"2,15,16,24,33,42",39
2413,3/12/2009,"4,16,22,31,36,40",20
2412,3/9/2009,"3,4,10,12,30,31",9
2411,3/5/2009,"5,6,22,33,34,45",44
2410,3/2/2009,"1,19,22,28,32,45",13
2409,2/26/2009,"6,10,13,32,33,35",15
2408,2/23/2009,"2,5,9,11,14,27",19
2407,2/19/2009,"9,14,33,34,39,44",35
2406,2/16/2009,"4,9,21,25,41,45",37
2405,2/12/2009,"2,11,17,24,30,36",45
2404,2/9/2009,"5,10,20,24,29,31",36
2403,2/6/2009,"6,14,15,28,37,43",24
2402,2/2/2009,"5,13,16,27,41,43",7
2401,1/29/2009,"3,13,16,22,31,32",43
2400,1/26/2009,"3,4,11,16,41,44",1
2399,1/22/2009,"15,20,29,33,39,43",44
2398,1/19/2009,"3,8,25,30,31,45",21
2397,1/15/2009,"5,15,18,19,33,43",30
2396,1/12/2009,"2,5,6,15,28,36",16
2395,1/8/2009,"6,21,23,28,30,34",39
2394,1/5/2009,"4,6,8,18,27,44",13
2393,1/1/2009,"3,4,12,22,27,39",37
2392,12/29/2008,"2,3,14,25,27,38",1
2391,12/25/2008,"3,4,17,28,34,41",33
2390,12/22/2008,"10,12,16,26,33,34",29
2389,12/18/2008,"1,2,6,17,18,21",10
2388,12/15/2008,"17,19,28,30,32,36",29
2387,12/11/2008,"2,4,6,28,42,43",39
2386,12/8/2008,"13,15,18,22,37,45",35
2385,12/4/2008,"2,9,34,39,42,43",26
2384,12/1/2008,"4,5,13,16,23,26",30
2383,11/27/2008,"9,17,18,25,41,45",29
2382,11/24/2008,"1,12,19,22,33,37",21
2381,11/20/2008,"18,24,28,29,31,38",17
2380,11/17/2008,"8,17,24,30,42,43",18
2379,11/13/2008,"5,12,15,20,29,36",19
2378,11/10/2008,"3,8,12,14,36,40",24
2377,11/6/2008,"13,24,26,27,32,35",21
2376,11/3/2008,"1,6,31,35,40,42",44
2375,10/30/2008,"1,9,17,23,35,38",34
2374,10/27/2008,"1,3,6,7,26,39",18
2373,10/23/2008,"5,11,18,24,39,41",45
2372,10/20/2008,"12,16,18,23,25,35",41
2371,10/16/2008,"17,23,24,38,40,44",26
2370,10/13/2008,"9,23,24,25,30,41",14
2369,10/9/2008,"2,20,31,33,38,42",15
2368,10/6/2008,"6,13,22,30,31,42",40
2367,10/2/2008,"3,6,7,11,27,37",12
2366,9/29/2008,"9,10,22,27,36,39",44
2365,9/25/2008,"1,15,17,26,38,42",21
2364,9/22/2008,"6,10,18,21,30,35",1
2363,9/18/2008,"10,23,31,37,38,41",20
2362,9/15/2008,"11,12,13,21,25,32",2
2361,9/11/2008,"8,10,20,23,40,41",38
2360,9/8/2008,"8,17,20,39,41,44",43
2359,9/4/2008,"8,25,33,39,40,45",43
2358,9/1/2008,"5,14,29,34,37,39",30
2357,8/28/2008,"2,11,16,32,44,45",6
2356,8/25/2008,"6,8,12,15,33,37",36
2355,8/21/2008,"5,9,19,30,41,45",22
2354,8/18/2008,"4,6,18,22,27,29",26
2353,8/14/2008,"6,7,28,36,38,45",37
2352,8/11/2008,"3,11,15,23,31,42",7
2351,8/8/2008,"14,17,19,21,25,38",34
2350,8/4/2008,"4,10,12,20,42,43",24
2349,7/31/2008,"9,10,14,18,30,34",11
2348,7/28/2008,"4,16,21,26,31,37",24
2347,7/24/2008,"2,5,9,20,21,42",15
2346,7/21/2008,"5,13,25,27,40,44",2
2345,7/17/2008,"5,10,25,27,36,39",40
2344,7/14/2008,"5,12,17,18,38,40",22
2343,7/10/2008,"22,32,41,42,43,44",31
2342,7/7/2008,"2,18,19,21,39,45",36
2341,7/3/2008,"6,11,14,15,28,45",35
